1	1	100.000	202	202	202	1	202	1	202	420
1	7	79.703	202	202	202	1	202	1	202	355
1	11	94.118	153	202	153	1	153	1	153	306
10	10	100.000	211	211	211	1	211	1	211	441
10	6	27.857	140	211	223	52	190	60	199	63.5
10	28	24.658	146	211	226	46	190	57	202	58.2
10	27	24.224	161	211	224	52	211	62	220	52.4
10	14	23.196	194	211	225	2	191	36	208	48.5
10	30	21.290	155	211	253	46	190	67	215	41.6
10	24	28.814	59	211	198	138	192	140	198	35.0
11	11	100.000	153	153	153	1	153	1	153	317
11	1	94.118	153	153	202	1	153	1	153	306
11	7	79.739	153	153	202	1	153	1	153	268
12	12	100.000	279	279	279	1	279	1	279	571
12	15	38.053	226	279	247	55	278	23	247	166
12	26	36.184	152	279	208	126	275	55	206	102
12	30	24.138	174	279	253	107	268	47	214	43.5
13	13	100.000	186	186	186	1	186	1	186	377
14	14	100.000	225	225	225	1	225	1	225	462
14	24	25.778	225	225	198	1	213	1	198	68.2
14	30	23.118	186	225	253	45	224	52	232	57.8
14	28	25.532	235	225	226	1	224	1	220	57.0
14	10	23.196	194	225	211	36	208	2	191	55.8
14	27	27.586	145	225	224	65	206	58	200	52.8
14	6	24.413	213	225	223	1	207	1	199	45.8
14	19	22.981	161	225	218	66	224	53	209	36.2
14	8	23.026	152	225	208	46	191	27	168	36.2
14	16	23.451	226	225	222	2	224	3	213	35.4
15	15	100.000	247	247	247	1	247	1	247	504
15	12	37.387	222	247	279	27	247	59	278	161
15	26	31.250	144	247	208	96	238	57	200	86.7
16	16	100.000	222	222	222	1	222	1	222	463
16	19	59.910	222	222	218	1	220	1	216	287
16	21	58.525	217	222	213	1	217	1	213	265
16	8	28.054	221	222	208	3	219	1	204	72.8
16	27	24.457	184	222	224	3	177	2	181	57.8
16	28	24.868	189	222	226	3	177	2	182	52.4
16	6	21.656	157	222	223	29	177	33	179	43.1
17	17	100.000	227	227	227	1	227	1	227	463
17	29	77.974	227	227	227	1	227	1	227	369
17	3	23.171	164	227	222	62	224	57	220	62.0
17	30	21.893	169	227	253	69	224	72	234	37.7
18	18	100.000	307	307	307	1	307	1	307	634
19	19	100.000	218	218	218	1	218	1	218	453
19	21	64.151	212	218	213	1	212	1	212	306
19	16	59.910	222	218	222	1	216	1	220	287
19	8	26.442	208	218	208	5	211	3	200	71.2
19	27	27.273	154	218	224	26	174	33	181	62.0
19	28	24.468	188	218	226	3	174	2	182	51.6
19	6	24.336	226	218	223	3	211	2	211	48.5
19	30	21.765	170	218	253	14	174	44	195	45.8
2	2	100.000	229	229	229	1	229	1	229	478
2	4	59.389	229	229	229	1	229	1	229	284
2	9	29.694	229	229	229	1	222	1	225	107
2	5	29.596	223	229	223	1	223	1	203	100
2	25	27.879	165	229	208	61	217	42	202	67.4
2	23	25.676	148	229	210	66	210	53	197	64.7
20	20	100.000	173	173	173	1	173	1	173	348
20	13	24.590	122	173	186	20	141	43	157	37.7
21	21	100.000	213	213	213	1	213	1	213	446
21	19	64.151	212	213	218	1	212	1	212	306
21	16	58.525	217	213	222	1	213	1	217	265
21	8	24.537	216	213	208	3	211	1	200	75.9
21	27	27.083	192	213	224	3	179	2	186	62.4
21	28	23.474	213	213	226	3	199	2	209	59.7
21	6	24.779	226	213	223	3	211	2	211	58.2
21	25	25.000	140	213	208	3	134	2	132	37.0
22	22	100.000	166	166	166	1	166	1	166	337
23	23	100.000	210	210	210	1	210	1	210	427
23	25	44.231	208	210	208	1	208	1	206	185
23	9	34.969	163	210	229	47	209	63	225	117
23	4	26.056	142	210	229	41	179	56	195	67.8
23	2	25.676	148	210	229	53	197	66	210	65.1
23	5	21.106	199	210	223	1	198	1	191	52.4
24	24	100.000	198	198	198	1	198	1	198	413
24	14	25.778	225	198	225	1	198	1	213	63.2
24	28	27.143	210	198	226	1	189	1	199	54.3
24	6	23.671	207	198	223	1	189	1	196	51.6
24	30	23.497	183	198	253	28	192	35	215	44.7
24	27	22.289	166	198	224	42	189	33	198	42.7
24	10	28.814	59	198	211	140	198	138	192	35.0
25	25	100.000	208	208	208	1	208	1	208	427
25	23	44.231	208	208	210	1	206	1	208	185
25	9	26.380	163	208	229	37	199	55	217	85.5
25	2	27.879	165	208	229	42	202	61	217	67.4
25	4	27.350	117	208	229	50	164	63	179	58.5
25	5	22.124	113	208	223	55	166	50	161	40.0
25	21	25.000	140	208	213	2	132	3	134	37.0
26	26	100.000	208	208	208	1	208	1	208	430
26	12	36.184	152	208	279	55	206	126	275	102
26	15	31.250	144	208	247	57	200	96	238	86.7
26	30	20.000	135	208	253	35	165	50	184	35.8
26	28	21.143	175	208	226	1	169	1	171	35.0
27	27	100.000	224	224	224	1	224	1	224	458
27	6	64.253	221	224	223	1	221	1	219	293
27	28	62.996	227	224	226	1	222	1	223	287
27	30	30.045	223	224	253	1	209	1	223	96.3
27	21	27.083	192	224	213	2	186	3	179	62.4
27	19	27.273	154	224	218	33	181	26	174	62.0
27	16	24.457	184	224	222	2	181	3	177	57.8
27	10	24.224	161	224	211	62	220	52	211	52.4
27	14	27.143	210	224	225	1	200	1	206	45.8
27	24	22.289	166	224	198	33	198	42	189	42.7
27	3	23.577	123	224	222	60	181	63	182	38.5
28	28	100.000	226	226	226	1	226	1	226	459
28	27	62.996	227	226	224	1	223	1	222	287
28	6	62.332	223	226	223	1	222	1	219	278
28	30	32.515	163	226	253	53	212	63	225	102
28	21	23.474	213	226	213	2	209	3	199	59.7
28	10	24.658	146	226	211	57	202	46	190	58.2
28	24	27.143	210	226	198	1	199	1	189	54.3
28	16	24.868	189	226	222	2	182	3	177	52.4
28	19	24.468	188	226	218	2	182	3	174	51.6
28	14	25.532	235	226	225	1	220	1	224	51.2
28	3	23.577	123	226	222	61	182	63	182	46.6
29	29	100.000	227	227	227	1	227	1	227	463
29	17	77.974	227	227	227	1	227	1	227	361
29	3	22.624	221	227	222	14	224	3	220	60.8
3	3	100.000	222	222	222	1	222	1	222	462
3	17	23.171	164	222	227	57	220	62	224	62.4
3	29	22.624	221	222	227	3	220	14	224	60.8
3	28	23.577	123	222	226	63	182	61	182	46.6
3	30	24.176	182	222	253	46	219	55	232	41.2
3	27	23.577	123	222	224	63	182	60	181	38.5
30	30	100.000	253	253	253	1	253	1	253	520
30	27	30.493	223	253	224	1	223	1	209	105
30	28	32.000	225	253	226	1	225	1	212	103
30	6	27.660	235	253	223	1	228	1	216	88.2
30	14	24.260	169	253	225	52	215	45	207	48.5
30	24	22.936	218	253	198	9	215	2	192	45.8
30	19	21.765	170	253	218	44	195	14	174	45.1
30	12	24.138	174	253	279	47	214	107	268	43.5
30	10	21.711	152	253	211	67	212	46	187	41.2
30	3	24.176	182	253	222	55	232	46	219	40.4
30	8	25.263	95	253	208	37	131	16	105	38.5
30	17	21.854	151	253	227	72	216	69	207	37.4
4	4	100.000	229	229	229	1	229	1	229	473
4	2	60.194	206	229	229	24	229	24	229	275
4	5	26.754	228	229	223	1	228	1	208	94.4
4	9	28.448	232	229	229	1	224	1	227	93.6
4	23	26.984	126	229	210	70	195	57	179	67.8
4	25	27.350	117	229	208	63	179	50	164	58.2
5	5	100.000	223	223	223	1	223	1	223	469
5	2	28.358	201	223	229	16	203	23	223	92.8
5	4	25.000	228	223	229	1	208	1	228	90.9
5	23	21.106	199	223	210	1	191	1	198	52.4
5	9	21.256	207	223	229	16	206	29	229	48.5
5	25	22.124	113	223	208	50	161	55	166	40.0
6	6	100.000	223	223	223	1	223	1	223	461
6	27	64.253	221	223	224	1	219	1	221	293
6	28	62.332	223	223	226	1	219	1	222	278
6	30	28.365	208	223	253	24	216	28	228	85.5
6	10	27.857	140	223	211	60	199	52	190	63.5
6	21	24.779	226	223	213	2	211	3	211	58.2
6	24	23.671	207	223	198	1	196	1	189	51.6
6	19	24.336	226	223	218	2	211	3	211	48.5
6	16	21.656	157	223	222	33	179	29	177	43.1
6	14	24.413	213	223	225	1	199	1	207	39.7
7	7	100.000	202	202	202	1	202	1	202	421
7	1	79.703	202	202	202	1	202	1	202	355
7	11	79.739	153	202	153	1	153	1	153	268
8	8	100.000	208	208	208	1	208	1	208	436
8	21	24.537	216	208	213	1	200	3	211	75.9
8	16	28.054	221	208	222	1	204	3	219	72.8
8	19	26.442	208	208	218	3	200	5	211	71.2
8	30	25.263	95	208	253	16	105	37	131	38.5
9	9	100.000	229	229	229	1	229	1	229	479
9	23	34.969	163	229	210	63	225	47	209	117
9	2	29.500	200	229	229	30	225	25	222	99.8
9	4	29.208	202	229	229	30	227	25	224	92.8
9	25	26.380	163	229	208	55	217	37	199	85.5
9	5	21.256	207	229	223	29	229	16	206	48.5
