1	1	100.000	618	618	618	1	618	1	618	1267
1	11	41.544	609	618	606	9	613	1	601	470
1	4	29.691	485	618	594	84	560	44	515	218
1	10	27.623	467	618	589	84	547	41	502	200
1	25	23.793	580	618	643	61	609	30	587	122
1	8	22.995	561	618	650	87	618	68	601	112
1	23	21.091	550	618	620	82	612	43	574	108
1	15	23.162	544	618	629	82	603	46	568	95.1
1	2	21.731	566	618	621	87	609	48	571	92.0
1	17	22.222	306	618	544	245	534	179	467	51.6
1	14	22.642	212	618	545	257	461	193	389	41.2
10	10	100.000	589	589	589	1	589	1	589	1202
10	4	55.401	574	589	594	16	588	20	592	676
10	11	26.170	470	589	606	41	500	70	531	202
10	1	27.234	470	589	618	41	502	84	547	200
10	2	21.603	574	589	621	38	585	42	587	97.8
10	15	22.822	482	589	629	38	496	45	508	94.4
10	8	22.160	537	589	650	41	537	64	582	87.0
10	23	21.028	428	589	620	42	448	47	457	72.8
10	25	20.594	471	589	643	38	472	58	495	67.4
10	5	23.661	224	589	551	200	415	181	393	49.3
10	17	24.638	276	589	544	159	420	135	392	48.5
10	24	20.985	467	589	676	22	472	121	559	45.8
10	14	23.005	213	589	545	215	422	193	395	42.4
11	11	100.000	606	606	606	1	606	1	606	1230
11	1	43.339	563	606	618	40	601	54	613	474
11	4	25.229	547	606	594	70	601	44	579	205
11	10	26.170	470	606	589	70	531	41	500	202
11	8	25.953	551	606	650	72	594	67	588	152
11	23	28.294	463	606	620	68	508	43	484	142
11	15	24.729	554	606	629	68	591	46	571	141
11	2	25.394	508	606	621	71	556	46	536	132
11	25	26.078	464	606	643	71	504	62	496	125
11	7	19.023	389	606	519	227	603	173	506	39.3
12	12	100.000	503	503	503	1	503	1	503	1042
12	13	27.964	447	503	477	24	460	15	455	209
12	19	21.622	518	503	536	6	484	9	510	81.3
12	7	24.528	265	503	519	43	295	44	304	75.1
12	27	23.028	317	503	576	60	349	118	424	62.0
12	5	22.222	459	503	551	68	465	76	518	61.6
12	14	24.012	329	503	545	42	343	44	368	55.5
12	18	22.083	480	503	576	44	467	69	542	53.1
12	21	24.860	358	503	566	44	367	55	403	52.8
12	20	21.384	159	503	568	45	200	58	215	52.4
12	26	26.154	195	503	547	68	248	73	258	48.1
12	6	20.488	410	503	550	72	446	75	448	47.4
12	17	23.438	192	503	544	72	249	74	257	45.4
12	3	22.102	371	503	549	67	404	72	434	45.4
13	13	100.000	477	477	477	1	477	1	477	994
13	12	27.964	447	477	503	15	455	24	460	209
13	19	22.149	456	477	536	36	456	45	495	79.3
13	26	22.249	418	477	547	64	446	78	463	68.6
13	6	21.296	324	477	550	64	359	76	394	66.6
13	9	22.099	362	477	540	36	363	44	397	58.2
13	7	21.257	334	477	519	34	347	44	370	57.8
13	17	23.000	300	477	544	64	337	75	370	52.8
13	20	25.758	132	477	568	63	191	85	215	52.0
13	14	24.359	156	477	545	64	217	77	230	51.2
13	5	20.489	327	477	551	64	356	81	395	51.2
13	18	21.246	353	477	576	36	356	70	415	50.4
13	27	21.121	464	477	576	36	461	102	558	49.7
13	21	20.615	325	477	566	64	356	84	401	40.4
13	16	36.735	49	477	566	64	112	86	134	40.4
13	3	19.578	332	477	549	64	371	81	405	39.7
14	14	100.000	545	545	545	1	545	1	545	1137
14	5	36.430	549	545	551	6	539	5	549	387
14	17	36.661	551	545	544	1	545	1	544	377
14	26	37.149	498	545	547	6	500	7	503	377
14	9	32.743	452	545	540	23	470	20	470	278
14	3	29.960	504	545	549	23	511	27	528	260
14	18	32.072	502	545	576	26	519	49	543	257
14	6	30.416	457	545	550	1	450	2	452	248
14	21	30.060	499	545	566	26	519	35	529	246
14	16	29.198	524	545	566	21	528	30	546	241
14	20	28.215	521	545	568	9	510	13	524	219
14	19	22.659	534	545	536	23	538	21	524	110
14	27	20.513	351	545	576	46	390	101	440	62.8
14	7	29.457	129	545	519	23	150	21	147	56.6
14	12	24.012	329	545	503	44	368	42	343	55.5
14	13	24.359	156	545	477	77	230	64	217	51.2
14	10	23.005	213	545	589	193	395	215	422	42.4
14	1	22.642	212	545	618	193	389	257	461	41.2
15	15	100.000	629	629	629	1	629	1	629	1316
15	2	53.710	620	629	621	4	622	1	616	722
15	25	52.993	568	629	643	4	571	17	584	647
15	23	46.278	618	629	620	6	622	4	613	583
15	8	42.476	638	629	650	3	624	14	649	531
15	11	24.729	554	629	606	46	571	68	591	140
15	1	23.162	544	629	618	46	568	82	603	94.7
15	4	22.719	559	629	594	45	550	41	567	93.6
15	10	22.822	482	629	589	45	508	38	496	93.2
15	24	21.199	467	629	676	47	477	138	567	43.1
16	16	100.000	566	566	566	1	566	1	566	1182
16	3	50.881	511	566	549	29	537	24	533	563
16	9	48.125	480	566	540	32	511	20	497	467
16	20	35.149	569	566	568	5	566	8	568	349
16	21	36.568	577	566	566	6	566	1	566	344
16	18	34.120	551	566	576	13	553	24	570	338
16	6	36.596	470	566	550	19	487	9	475	316
16	14	29.198	524	566	545	30	546	21	528	241
16	26	34.889	407	566	547	32	437	24	425	239
16	5	32.432	407	566	551	35	437	30	429	236
16	17	29.487	546	566	544	11	551	5	526	218
16	19	23.256	387	566	536	78	449	66	421	78.2
16	27	21.939	392	566	576	56	441	102	468	75.9
16	7	22.018	436	566	519	89	509	78	474	53.9
16	13	36.735	49	566	477	86	134	64	112	40.4
17	17	100.000	544	544	544	1	544	1	544	1137
17	5	49.455	550	544	551	1	544	5	551	578
17	26	49.908	545	544	547	4	544	10	547	556
17	14	36.661	551	544	545	1	544	1	545	377
17	21	35.160	438	544	566	24	456	35	469	240
17	3	33.172	413	544	549	15	423	21	431	239
17	6	28.814	472	544	550	8	474	7	476	231
17	9	30.617	454	544	540	20	468	19	469	228
17	18	32.037	437	544	576	24	454	49	481	219
17	16	29.714	525	544	566	21	526	32	551	216
17	20	28.387	465	544	568	1	453	10	469	214
17	19	22.679	560	544	536	1	541	1	523	95.5
17	7	21.627	541	544	519	7	518	7	495	66.2
17	27	23.611	360	544	576	44	387	101	438	64.7
17	13	23.000	300	544	477	75	370	64	337	52.8
17	1	22.222	306	544	618	179	467	245	534	51.2
17	10	24.638	276	544	589	135	392	159	420	48.9
17	12	23.438	192	544	503	74	257	72	249	45.4
18	18	100.000	576	576	576	1	576	1	576	1202
18	21	52.000	525	576	566	20	544	6	530	589
18	20	45.386	531	576	568	15	544	6	533	521
18	3	36.986	511	576	549	49	556	30	537	367
18	9	39.792	480	576	540	47	522	21	496	347
18	16	34.411	526	576	566	49	570	35	553	332
18	6	34.052	464	576	550	49	506	25	482	277
18	14	32.072	502	576	545	49	543	26	519	257
18	5	28.953	487	576	551	49	521	30	504	224
18	17	32.037	437	576	544	49	481	24	454	219
18	26	31.605	405	576	547	49	451	27	427	201
18	19	23.117	385	576	536	52	430	27	386	89.0
18	27	20.375	373	576	576	70	434	102	460	61.6
18	7	21.174	477	576	519	101	548	78	504	60.8
18	12	22.083	480	576	503	69	542	44	467	53.1
18	13	21.246	353	576	477	70	415	36	356	50.4
19	19	100.000	536	536	536	1	536	1	536	1112
19	7	22.967	418	536	519	1	408	1	404	127
19	21	25.728	412	536	566	1	378	1	399	114
19	14	22.659	534	536	545	21	524	23	538	110
19	6	26.290	407	536	550	1	390	2	402	103
19	27	24.731	372	536	576	45	408	102	465	102
19	17	22.679	560	536	544	1	523	1	541	95.5
19	5	22.669	547	536	551	21	519	27	543	93.2
19	26	25.634	355	536	547	59	387	64	398	92.4
19	20	23.389	419	536	568	27	419	40	440	90.1
19	18	23.117	385	536	576	27	386	52	430	89.0
19	3	24.682	393	536	549	17	391	23	408	87.8
19	12	21.622	518	536	503	9	510	6	484	81.3
19	13	22.149	456	536	477	45	495	36	456	79.3
19	16	23.256	387	536	566	66	421	78	449	78.2
19	9	23.151	311	536	540	74	366	74	375	65.1
19	8	23.721	215	536	650	180	378	230	438	50.1
2	2	100.000	621	621	621	1	621	1	621	1296
2	15	53.710	620	621	629	1	616	4	622	722
2	25	47.739	597	621	643	1	594	17	613	616
2	23	47.213	610	621	620	10	618	11	615	586
2	8	43.431	548	621	650	19	565	39	586	521
2	11	25.394	508	621	606	46	536	71	556	132
2	10	22.198	455	621	589	42	479	38	472	92.4
2	1	21.731	566	621	618	48	571	87	609	92.4
2	4	22.198	464	621	594	33	479	32	475	88.6
20	20	100.000	568	568	568	1	568	1	568	1189
20	18	45.386	531	568	576	6	533	15	544	521
20	21	48.126	507	568	566	37	542	35	540	511
20	16	35.149	569	568	566	8	568	5	566	340
20	3	35.400	500	568	549	37	533	30	525	338
20	9	38.046	481	568	540	37	511	23	496	317
20	6	33.261	463	568	550	36	495	24	482	266
20	5	28.233	549	568	551	37	568	30	551	236
20	26	32.110	436	568	547	37	467	27	453	229
20	14	28.215	521	568	545	13	524	9	510	219
20	17	28.387	465	568	544	10	469	1	453	214
20	19	23.389	419	568	536	40	440	27	419	90.1
20	27	21.984	373	568	576	58	423	102	460	82.4
20	7	20.954	482	568	519	58	510	46	492	73.2
20	12	21.384	159	568	503	58	215	45	200	52.4
20	13	25.758	132	568	477	85	215	63	191	52.0
21	21	100.000	566	566	566	1	566	1	566	1175
21	18	52.000	525	566	576	6	530	20	544	589
21	20	48.126	507	566	568	35	540	37	542	511
21	9	39.248	479	566	540	33	508	21	496	352
21	16	37.201	543	566	566	35	566	35	566	343
21	3	36.454	502	566	549	35	529	30	529	342
21	5	32.841	542	566	551	35	566	30	551	266
21	6	33.053	475	566	550	35	506	25	493	265
21	26	36.725	403	566	547	35	435	27	425	250
21	14	30.060	499	566	545	35	529	26	519	246
21	17	35.160	438	566	544	35	469	24	456	240
21	19	25.728	412	566	536	1	399	1	378	114
21	7	22.645	552	566	519	1	531	1	498	66.6
21	27	20.551	399	566	576	33	420	79	460	58.2
21	12	24.860	358	566	503	55	403	44	367	52.8
21	13	20.615	325	566	477	84	401	64	356	40.4
22	22	100.000	689	689	689	1	689	1	689	1443
22	24	51.256	677	689	676	10	680	8	670	714
22	8	22.846	267	689	650	405	659	333	588	47.4
22	23	21.366	571	689	620	139	664	37	573	41.6
23	23	100.000	620	620	620	1	620	1	620	1289
23	2	47.213	610	620	621	11	615	10	618	586
23	15	46.278	618	620	629	4	613	6	622	583
23	25	48.862	571	620	643	4	571	17	587	578
23	8	38.538	602	620	650	31	620	50	650	459
23	11	28.294	463	620	606	43	484	68	508	142
23	1	21.091	550	620	618	43	574	82	612	108
23	4	21.002	419	620	594	42	448	39	443	80.1
23	10	21.028	428	620	589	47	457	42	448	72.0
23	22	21.366	571	620	689	37	573	139	664	41.6
23	24	20.159	377	620	676	43	410	136	493	40.4
24	24	100.000	676	676	676	1	676	1	676	1414
24	22	51.256	677	676	689	8	670	10	680	714
24	8	20.725	386	676	650	140	493	66	431	54.7
24	10	20.985	467	676	589	121	559	22	472	46.2
24	15	21.199	467	676	629	138	567	47	477	43.1
24	23	20.159	377	676	620	136	493	43	410	40.4
25	25	100.000	643	643	643	1	643	1	643	1349
25	15	50.791	632	643	629	17	643	4	629	666
25	2	46.955	624	643	621	17	638	1	618	631
25	23	47.520	625	643	620	17	639	4	616	595
25	8	44.485	553	643	650	29	580	33	584	517
25	11	25.647	464	643	606	62	496	71	504	126
25	1	23.793	580	643	618	30	587	61	609	123
25	4	25.000	468	643	594	59	495	41	475	82.4
25	10	20.594	471	643	589	58	495	38	472	66.6
26	26	100.000	547	547	547	1	547	1	547	1135
26	5	52.909	550	547	551	4	547	3	551	634
26	17	49.908	545	547	544	10	547	4	544	571
26	14	36.364	550	547	545	7	547	6	545	385
26	21	32.588	537	547	566	27	547	35	566	254
26	3	32.540	504	547	549	23	515	26	522	253
26	16	34.889	407	547	566	24	425	32	437	239
26	6	29.325	474	547	550	7	474	7	474	237
26	9	29.963	534	547	540	23	547	19	540	236
26	20	28.889	540	547	568	27	547	37	568	231
26	18	31.605	405	547	576	27	427	49	451	202
26	19	25.634	355	547	536	64	398	59	387	92.8
26	7	23.077	533	547	519	23	530	20	501	87.4
26	27	24.157	356	547	576	47	389	101	438	72.4
26	13	21.928	415	547	477	78	463	64	446	68.6
26	12	26.154	195	547	503	73	258	68	248	48.5
27	27	100.000	576	576	576	1	576	1	576	1202
27	7	22.134	506	576	519	85	576	29	515	115
27	19	24.731	372	576	536	102	465	45	408	102
27	3	23.677	359	576	549	101	444	50	401	89.4
27	6	24.138	464	576	550	63	500	4	451	84.7
27	20	21.984	373	576	568	102	460	58	423	82.4
27	16	21.939	392	576	566	102	468	56	441	75.9
27	26	24.157	356	576	547	101	438	47	389	71.6
27	17	23.611	360	576	544	101	438	44	387	64.7
27	5	21.654	508	576	551	102	572	51	542	63.2
27	14	20.513	351	576	545	101	440	46	390	62.8
27	12	23.028	317	576	503	118	424	60	349	62.0
27	18	20.375	373	576	576	102	460	70	434	61.6
27	9	22.460	374	576	540	102	445	44	386	59.7
27	21	20.551	399	576	566	79	460	33	420	58.2
27	13	21.121	464	576	477	102	558	36	461	49.7
3	3	100.000	549	549	549	1	549	1	549	1145
3	16	50.881	511	549	566	24	533	29	537	563
3	9	48.954	478	549	540	30	505	23	497	483
3	18	36.986	511	549	576	30	537	49	556	367
3	21	35.327	535	549	566	9	529	2	529	343
3	20	34.345	527	549	568	3	525	10	533	338
3	6	33.054	478	549	550	8	484	3	478	297
3	14	29.960	504	549	545	27	528	23	511	259
3	5	32.220	419	549	551	15	431	16	429	254
3	26	32.271	502	549	547	12	503	6	500	251
3	17	32.864	426	549	544	8	431	2	423	244
3	19	24.384	406	549	536	10	408	4	391	91.7
3	27	23.677	359	549	576	50	401	101	444	89.7
3	7	21.494	549	549	519	13	534	7	506	65.5
3	12	22.102	371	549	503	72	434	67	404	46.2
3	13	19.578	332	549	477	81	405	64	371	40.0
4	4	100.000	594	594	594	1	594	1	594	1216
4	10	55.478	575	594	589	19	592	15	588	671
4	1	29.691	485	594	618	44	515	84	560	223
4	11	25.229	547	594	606	44	579	70	601	210
4	15	22.093	602	594	629	4	567	2	550	99.4
4	2	22.198	464	594	621	32	475	33	479	91.7
4	8	22.747	466	594	650	35	475	54	500	91.7
4	25	25.000	468	594	643	41	475	59	495	87.0
4	23	21.002	419	594	620	39	443	42	448	83.6
5	5	100.000	551	551	551	1	551	1	551	1158
5	26	52.909	550	551	547	3	551	4	547	617
5	17	49.455	550	551	544	5	551	1	544	578
5	14	36.430	549	551	545	5	549	6	539	387
5	21	32.841	542	551	566	30	551	35	566	266
5	6	30.882	476	551	550	5	477	2	473	255
5	3	32.678	407	551	549	27	429	27	431	254
5	20	28.233	549	551	568	30	551	37	568	236
5	16	32.117	411	551	566	26	429	31	437	236
5	9	28.341	434	551	540	27	457	20	452	225
5	18	28.953	487	551	576	30	504	49	521	224
5	19	22.669	547	551	536	27	543	21	519	93.2
5	7	23.971	413	551	519	1	398	1	382	72.8
5	27	21.654	508	551	576	51	542	102	572	63.2
5	12	22.222	459	551	503	76	518	68	465	61.6
5	13	20.489	327	551	477	81	395	64	356	51.2
5	10	23.661	224	551	589	181	393	200	415	49.7
6	6	100.000	550	550	550	1	550	1	550	1147
6	9	39.262	461	550	540	19	478	17	476	349
6	16	36.980	457	550	566	22	475	32	487	316
6	3	32.015	531	550	549	22	547	27	538	294
6	18	32.866	499	550	576	25	511	49	541	278
6	20	33.066	499	550	568	24	513	36	531	273
6	21	32.525	495	550	566	25	513	35	525	270
6	5	29.783	554	550	551	2	550	5	551	262
6	14	29.231	520	550	545	2	514	1	513	254
6	26	29.325	474	550	547	7	474	7	474	236
6	17	27.326	516	550	544	7	520	8	517	232
6	19	26.290	407	550	536	2	402	1	390	104
6	27	22.936	545	550	576	4	531	63	567	94.0
6	13	21.296	324	550	477	76	394	64	359	66.6
6	12	20.488	410	550	503	75	448	72	446	47.8
6	7	25.735	136	550	519	8	142	7	140	42.4
7	7	100.000	519	519	519	1	519	1	519	1083
7	19	22.967	418	519	536	1	404	1	408	127
7	27	22.134	506	519	576	29	515	85	576	115
7	26	24.274	379	519	547	20	380	23	392	82.0
7	12	24.528	265	519	503	44	304	43	295	75.1
7	20	20.954	482	519	568	46	492	58	510	73.2
7	5	23.971	413	519	551	1	382	1	398	72.8
7	21	22.645	552	519	566	1	498	1	531	66.6
7	17	21.627	541	519	544	7	495	7	518	66.2
7	3	21.756	524	519	549	32	506	37	534	63.9
7	18	21.174	477	519	576	78	504	101	548	60.8
7	9	25.538	325	519	540	66	364	67	374	59.3
7	13	21.257	334	519	477	44	370	34	347	57.8
7	14	29.457	129	519	545	21	147	23	150	56.6
7	16	22.018	436	519	566	78	474	89	509	53.5
7	6	25.735	136	519	550	7	140	8	142	42.4
7	11	20.853	211	519	606	173	364	227	433	39.7
8	8	100.000	650	650	650	1	650	1	650	1367
8	15	42.633	638	650	629	14	649	3	624	531
8	2	43.194	551	650	621	39	589	19	568	522
8	25	43.993	566	650	643	33	594	29	593	518
8	23	39.008	605	650	620	50	650	31	620	462
8	11	26.087	552	650	606	67	589	72	595	154
8	1	23.133	549	650	618	68	589	87	606	113
8	4	21.922	593	650	594	54	605	35	594	90.9
8	10	22.160	537	650	589	64	582	41	537	87.4
8	24	20.725	386	650	676	66	431	140	493	54.3
8	19	23.721	215	650	536	230	438	180	378	50.1
8	22	23.358	274	650	689	333	595	405	666	50.1
8	9	27.660	141	650	540	305	439	255	388	40.4
9	9	100.000	540	540	540	1	540	1	540	1116
9	3	47.431	506	540	549	23	525	30	533	494
9	16	46.168	535	540	566	20	540	32	566	478
9	21	37.244	537	540	566	21	540	33	566	363
9	18	38.302	530	540	576	1	518	19	544	362
9	6	39.112	473	540	550	5	476	7	478	355
9	20	36.431	538	540	568	23	540	37	568	332
9	14	30.474	548	540	545	3	540	4	545	284
9	26	29.676	556	540	547	1	540	1	547	239
9	17	28.839	534	540	544	3	530	4	528	237
9	5	26.515	528	540	551	20	540	27	551	233
9	19	21.062	546	540	536	1	531	2	515	73.9
9	7	22.610	544	540	519	5	522	9	497	66.6
9	13	20.243	494	540	477	44	525	36	465	62.4
9	27	22.193	374	540	576	44	386	102	445	60.8
9	8	27.660	141	540	650	255	388	305	439	40.8
