1	1	100.000	179	179	179	1	179	1	179	365
1	7	61.047	172	179	172	8	179	1	172	227
10	10	100.000	174	174	174	1	174	1	174	348
10	3	82.558	172	174	175	1	172	2	173	287
10	11	61.988	171	174	177	2	172	3	173	213
10	4	60.465	172	174	176	1	172	1	172	207
10	6	63.006	173	174	177	2	174	3	175	195
10	8	36.508	63	174	159	81	143	69	131	37.4
11	11	100.000	177	177	177	1	177	1	177	354
11	4	75.862	174	177	176	3	176	2	175	263
11	6	75.862	174	177	177	1	174	1	174	239
11	10	61.988	171	177	174	3	173	2	172	213
11	3	58.046	174	177	175	1	174	1	174	208
11	8	34.921	63	177	159	82	144	69	131	34.3
2	2	100.000	203	203	203	1	203	1	203	421
2	9	69.458	203	203	203	1	203	1	203	290
2	5	39.512	205	203	191	2	203	1	190	144
3	3	100.000	175	175	175	1	175	1	175	345
3	10	82.558	172	175	174	2	173	1	172	287
3	11	58.046	174	175	177	1	174	1	174	208
3	4	57.803	173	175	176	2	174	1	173	200
3	6	58.286	175	175	177	1	175	1	175	187
3	8	25.185	135	175	159	30	164	17	151	35.8
4	4	100.000	176	176	176	1	176	1	176	350
4	11	75.862	174	176	177	2	175	3	176	263
4	6	75.000	172	176	177	2	173	3	174	230
4	10	60.465	172	176	174	1	172	1	172	207
4	3	57.803	173	176	175	1	173	2	174	200
4	8	34.921	63	176	159	81	143	69	131	33.9
5	5	100.000	191	191	191	1	191	1	191	392
5	9	40.594	202	191	203	4	190	5	203	152
5	2	39.512	205	191	203	1	190	2	203	144
6	6	100.000	177	177	177	1	177	1	177	350
6	11	75.862	174	177	177	1	174	1	174	261
6	4	75.000	172	177	176	3	174	2	173	254
6	10	63.006	173	177	174	3	175	2	174	213
6	3	58.286	175	177	175	1	175	1	175	207
6	8	34.043	94	177	159	82	173	69	159	33.9
7	7	100.000	172	172	172	1	172	1	172	355
7	1	61.047	172	172	179	1	172	8	179	227
8	8	100.000	159	159	159	1	159	1	159	319
8	10	36.508	63	159	174	69	131	81	143	37.4
8	3	25.185	135	159	175	17	151	30	164	35.8
8	11	34.921	63	159	177	69	131	82	144	34.3
8	6	33.696	92	159	177	69	159	82	173	33.9
8	4	34.921	63	159	176	69	131	81	143	33.9
9	9	100.000	203	203	203	1	203	1	203	417
9	2	69.458	203	203	203	1	203	1	203	290
9	5	40.594	202	203	191	5	203	4	190	152
