1	1	100.000	2161	2161	2161	1	2161	1	2161	4470
1	4	52.236	2169	2161	2129	1	2157	1	2129	2173
1	2	47.493	1476	2161	2182	738	2159	719	2176	1327
1	10	49.610	1153	2161	2018	1012	2157	882	2014	1096
1	10	52.927	427	2161	2018	1	427	1	426	456
1	10	35.758	165	2161	2018	715	874	741	896	97.4
1	9	49.436	1153	2161	2016	1012	2157	880	2012	1083
1	9	36.620	923	2161	2016	1	874	1	894	508
1	3	43.850	1122	2161	2026	1050	2146	901	2001	886
1	3	37.788	434	2161	2026	1	427	1	427	310
1	3	35.484	217	2161	2026	727	928	713	918	112
1	8	43.649	1118	2161	2037	1050	2147	912	2013	874
1	8	39.686	446	2161	2037	1	442	1	442	330
1	8	43.590	156	2161	2037	728	876	732	881	126
1	7	43.217	1113	2161	2016	1055	2146	896	1991	863
1	7	40.835	431	2161	2016	1	427	1	427	329
1	7	43.056	144	2161	2016	738	876	724	861	112
1	6	43.265	1121	2161	2038	1050	2157	913	2024	855
1	6	39.443	431	2161	2038	1	427	1	427	321
1	6	41.667	156	2161	2038	728	876	734	883	114
1	5	39.873	1101	2161	1762	1065	2161	685	1751	733
1	5	33.255	427	2161	1762	1	420	1	425	262
10	10	100.000	2018	2018	2018	1	2018	1	2018	4188
10	9	80.572	2028	2018	2016	1	2018	1	2016	3429
10	2	51.389	1152	2018	2182	875	2014	1028	2174	1154
10	2	49.776	446	2018	2182	1	444	1	446	447
10	2	30.675	163	2018	2182	764	918	720	873	74.3
10	4	49.700	1165	2018	2129	863	2014	974	2129	1100
10	4	45.455	462	2018	2129	1	462	1	462	416
10	4	35.915	142	2018	2129	762	899	714	855	89.4
10	1	49.610	1153	2018	2161	882	2014	1012	2157	1096
10	1	52.927	427	2018	2161	1	426	1	427	456
10	1	35.758	165	2018	2161	741	896	715	874	97.4
10	7	40.396	1364	2018	2016	690	2014	645	2002	968
10	7	42.117	444	2018	2016	1	439	1	435	328
10	3	41.789	1297	2018	2026	764	2014	727	2012	962
10	3	39.908	436	2018	2026	1	429	1	430	311
10	8	41.213	1286	2018	2037	763	2014	744	2023	947
10	8	42.725	433	2018	2037	1	426	1	427	333
10	6	41.259	1287	2018	2038	761	2014	744	2024	945
10	6	41.892	444	2018	2038	1	439	1	435	325
10	5	39.762	1094	2018	1762	936	2014	688	1747	716
10	5	37.358	439	2018	1762	1	432	1	438	281
2	2	100.000	2182	2182	2182	1	2182	1	2182	4516
2	1	43.694	2236	2182	2161	1	2176	1	2159	1746
2	4	44.168	2212	2182	2129	1	2174	1	2129	1721
2	9	51.644	1156	2182	2016	1028	2178	873	2016	1167
2	9	34.866	935	2182	2016	1	873	1	916	475
2	10	51.389	1152	2182	2018	1028	2174	875	2014	1154
2	10	49.776	446	2182	2018	1	446	1	444	447
2	10	30.675	163	2182	2018	720	873	764	918	74.3
2	7	44.125	1183	2182	2016	1030	2174	837	2002	917
2	7	37.671	438	2182	2016	1	434	1	433	303
2	7	36.364	176	2182	2016	712	874	715	883	99.8
2	3	44.011	1127	2182	2026	1073	2175	901	2013	905
2	3	38.409	440	2182	2026	1	434	1	433	303
2	3	28.958	259	2182	2026	623	862	643	880	100
2	8	44.316	1126	2182	2037	1073	2174	912	2023	898
2	8	37.757	437	2182	2037	1	434	1	433	303
2	8	38.125	160	2182	2037	706	850	726	879	106
2	6	44.229	1135	2182	2038	1064	2174	904	2024	896
2	6	38.202	445	2182	2038	1	434	1	433	306
2	6	34.118	170	2182	2038	720	877	747	910	109
2	5	39.636	1100	2182	1762	1091	2176	688	1749	717
2	5	35.240	437	2182	1762	1	430	1	434	257
3	3	100.000	2026	2026	2026	1	2026	1	2026	4199
3	7	71.872	2030	2026	2016	1	2025	1	2015	3014
3	8	71.143	2048	2026	2037	1	2025	1	2036	3013
3	6	69.411	2053	2026	2038	1	2025	1	2037	2967
3	10	41.789	1297	2026	2018	727	2012	764	2014	962
3	10	39.908	436	2026	2018	1	430	1	429	311
3	9	41.095	1297	2026	2016	727	2012	762	2012	954
3	9	36.190	525	2026	2016	1	514	1	515	298
3	2	44.011	1127	2026	2182	901	2013	1073	2175	905
3	2	38.409	440	2026	2182	1	433	1	434	303
3	2	35.404	161	2026	2182	726	880	719	862	97.4
3	1	43.850	1122	2026	2161	901	2001	1050	2146	885
3	1	37.788	434	2026	2161	1	427	1	427	309
3	1	35.484	217	2026	2161	713	918	727	928	112
3	4	43.783	1126	2026	2129	901	2012	1028	2129	881
3	4	40.411	438	2026	2129	1	427	1	426	309
3	4	35.955	178	2026	2129	726	894	715	881	104
3	5	40.127	1104	2026	1762	924	2013	693	1748	734
3	5	32.319	427	2026	1762	1	420	1	425	237
4	4	100.000	2129	2129	2129	1	2129	1	2129	4417
4	1	52.236	2169	2129	2161	1	2129	1	2157	2211
4	2	43.948	2214	2129	2182	1	2129	1	2174	1721
4	9	50.000	1160	2129	2016	981	2129	870	2012	1125
4	9	33.804	920	2129	2016	1	852	1	894	475
4	10	49.700	1165	2129	2018	974	2129	863	2014	1121
4	10	45.455	462	2129	2018	1	462	1	462	416
4	10	35.915	142	2129	2018	714	855	762	899	89.4
4	8	45.956	1125	2129	2037	1033	2129	917	2023	921
4	8	41.109	433	2129	2037	1	426	1	427	312
4	8	39.726	146	2129	2037	716	854	745	881	111
4	7	45.098	1122	2129	2016	1033	2129	896	2002	903
4	7	40.312	449	2129	2016	1	440	1	446	315
4	7	40.972	144	2129	2016	715	854	724	861	119
4	3	43.756	1129	2129	2026	1028	2129	901	2012	889
4	3	40.411	438	2129	2026	1	426	1	427	309
4	3	35.955	178	2129	2026	715	881	726	894	104
4	6	44.335	1121	2129	2038	1033	2129	918	2024	878
4	6	41.244	434	2129	2038	1	426	1	427	319
4	6	38.462	143	2129	2038	716	854	747	883	108
4	5	38.954	1109	2129	1762	1039	2129	673	1747	694
4	5	34.831	445	2129	1762	1	438	1	444	267
5	5	100.000	1762	1762	1762	1	1762	1	1762	3641
5	8	40.341	1113	1762	2037	693	1754	935	2036	739
5	8	32.938	422	1762	2037	1	422	1	417	249
5	3	40.127	1104	1762	2026	693	1748	924	2013	734
5	3	32.319	427	1762	2026	1	425	1	420	237
5	1	39.873	1101	1762	2161	685	1751	1065	2161	733
5	1	33.255	427	1762	2161	1	425	1	420	262
5	7	40.180	1110	1762	2016	693	1747	914	2002	732
5	7	32.464	422	1762	2016	1	422	1	417	241
5	6	39.801	1108	1762	2038	693	1747	936	2024	728
5	6	33.181	437	1762	2038	1	437	1	425	251
5	9	39.781	1096	1762	2016	688	1747	934	2012	728
5	9	35.068	442	1762	2016	1	438	1	432	271
5	2	39.123	1140	1762	2182	651	1749	1065	2176	719
5	2	35.240	437	1762	2182	1	434	1	430	257
5	10	39.762	1094	1762	2018	688	1747	936	2014	716
5	10	37.358	439	1762	2018	1	438	1	432	281
5	4	38.954	1109	1762	2129	673	1747	1039	2129	686
5	4	34.831	445	1762	2129	1	444	1	438	267
6	6	100.000	2038	2038	2038	1	2038	1	2038	4227
6	8	78.624	2049	2038	2037	1	2038	1	2037	3315
6	7	73.862	2043	2038	2016	1	2038	1	2016	3155
6	3	69.411	2053	2038	2026	1	2037	1	2025	2960
6	9	41.479	1285	2038	2016	746	2024	761	2012	951
6	9	39.583	480	2038	2016	1	468	1	451	311
6	10	41.259	1287	2038	2018	744	2024	761	2014	946
6	10	41.892	444	2038	2018	1	435	1	439	326
6	2	44.229	1135	2038	2182	904	2024	1064	2174	895
6	2	38.202	445	2038	2182	1	433	1	434	306
6	2	34.118	170	2038	2182	747	910	720	877	109
6	4	44.157	1121	2038	2129	918	2024	1033	2129	870
6	4	41.244	434	2038	2129	1	427	1	426	319
6	4	38.462	143	2038	2129	747	883	716	854	108
6	1	43.265	1121	2038	2161	913	2024	1050	2157	854
6	1	39.443	431	2038	2161	1	427	1	427	321
6	1	41.667	156	2038	2161	734	883	728	876	114
6	5	40.036	1109	2038	1762	936	2030	693	1750	728
6	5	33.181	437	2038	1762	1	425	1	437	250
7	7	100.000	2016	2016	2016	1	2016	1	2016	4177
7	8	76.067	2039	2016	2037	1	2016	1	2037	3223
7	6	73.715	2043	2016	2038	1	2016	1	2038	3141
7	3	71.872	2030	2016	2026	1	2015	1	2025	2996
7	10	40.396	1364	2016	2018	645	2002	690	2014	968
7	10	42.117	444	2016	2018	1	435	1	439	328
7	9	41.950	1292	2016	2016	725	2002	762	2012	954
7	9	41.244	434	2016	2016	1	431	1	430	314
7	2	44.125	1183	2016	2182	837	2002	1030	2174	917
7	2	37.671	438	2016	2182	1	433	1	434	303
7	2	36.364	176	2016	2182	715	883	712	874	99.8
7	4	44.920	1122	2016	2129	896	2002	1033	2129	894
7	4	40.265	452	2016	2129	1	446	1	440	316
7	4	40.972	144	2016	2129	724	861	715	854	119
7	1	43.217	1113	2016	2161	896	1991	1055	2146	863
7	1	40.835	431	2016	2161	1	427	1	427	329
7	1	43.056	144	2016	2161	724	861	738	876	112
7	5	40.180	1110	2016	1762	914	2002	693	1747	731
7	5	32.464	422	2016	1762	1	417	1	422	241
8	8	100.000	2037	2037	2037	1	2037	1	2037	4226
8	6	78.922	2040	2037	2038	1	2037	1	2038	3346
8	7	76.606	2039	2037	2016	1	2037	1	2016	3271
8	3	71.484	2048	2037	2026	1	2036	1	2025	3030
8	9	37.692	2080	2037	2016	1	2023	1	2012	1250
8	10	41.259	1287	2037	2018	744	2023	763	2014	952
8	10	42.725	433	2037	2018	1	427	1	426	333
8	4	45.867	1125	2037	2129	917	2023	1033	2129	913
8	4	41.109	433	2037	2129	1	427	1	426	312
8	4	33.772	228	2037	2129	675	881	635	854	113
8	2	43.339	1186	2037	2182	856	2023	1025	2174	900
8	2	37.757	437	2037	2182	1	433	1	434	303
8	2	32.016	253	2037	2182	726	952	706	936	109
8	1	43.649	1118	2037	2161	912	2013	1050	2147	874
8	1	39.686	446	2037	2161	1	442	1	442	330
8	1	43.590	156	2037	2161	732	881	728	876	126
8	5	40.448	1115	2037	1762	935	2036	693	1754	739
8	5	32.938	422	2037	1762	1	417	1	422	249
9	9	100.000	2016	2016	2016	1	2016	1	2016	4190
9	10	80.572	2028	2016	2018	1	2016	1	2018	3447
9	2	51.644	1156	2016	2182	873	2016	1028	2178	1166
9	2	48.009	452	2016	2182	1	447	1	451	439
9	2	30.625	160	2016	2182	762	916	720	873	74.3
9	4	50.000	1160	2016	2129	870	2012	981	2129	1103
9	4	33.804	920	2016	2129	1	894	1	852	483
9	1	49.436	1153	2016	2161	880	2012	1012	2157	1083
9	1	36.620	923	2016	2161	1	894	1	874	519
9	8	41.983	1291	2016	2037	761	2012	744	2023	960
9	8	40.783	434	2016	2037	1	430	1	431	327
9	7	41.950	1292	2016	2016	762	2012	725	2002	955
9	7	41.244	434	2016	2016	1	430	1	431	327
9	3	41.095	1297	2016	2026	762	2012	727	2012	954
9	3	36.190	525	2016	2026	1	515	1	514	310
9	6	41.145	1293	2016	2038	761	2012	746	2024	952
9	6	41.535	443	2016	2038	1	430	1	431	322
9	5	39.781	1096	2016	1762	934	2012	688	1747	728
9	5	35.068	442	2016	1762	1	432	1	438	277
