1	1	100.000	290	290	290	1	290	1	290	607
1	3	80.479	292	290	292	1	290	1	292	491
1	2	80.137	292	290	292	1	290	1	292	478
1	4	24.528	159	290	182	74	232	25	175	62.4
2	2	100.000	292	292	292	1	292	1	292	608
2	1	80.137	292	292	290	1	292	1	290	496
2	3	78.767	292	292	292	1	292	1	292	486
2	4	25.466	161	292	182	74	234	25	175	63.2
3	3	100.000	292	292	292	1	292	1	292	608
3	1	80.479	292	292	290	1	292	1	290	491
3	2	78.767	292	292	292	1	292	1	292	465
3	4	25.309	162	292	182	73	234	24	175	63.5
4	4	100.000	182	182	182	1	182	1	182	374
4	3	25.309	162	182	292	24	175	73	234	63.5
4	1	24.528	159	182	290	25	175	74	232	62.4
4	2	25.503	149	182	292	25	163	74	222	59.3
