1	1	100.000	163	163	163	1	163	1	163	318
1	2	42.949	156	163	157	8	163	2	157	81.3
1	5	41.975	162	163	162	3	163	2	162	77.0
1	4	40.789	152	163	157	8	158	2	152	74.7
1	3	38.710	155	163	157	9	163	3	157	67.0
1	6	37.607	117	163	161	50	163	42	155	47.8
2	2	100.000	157	157	157	1	157	1	157	306
2	6	56.129	155	157	161	3	157	1	155	116
2	3	52.941	119	157	157	39	157	39	157	90.5
2	1	42.949	156	157	163	2	157	8	163	87.4
2	4	45.860	157	157	157	1	157	1	157	85.5
2	5	46.094	128	157	162	30	157	35	162	81.3
3	3	100.000	157	157	157	1	157	1	157	313
3	4	75.796	157	157	157	1	157	1	157	211
3	6	56.774	155	157	161	3	157	1	155	126
3	5	55.039	129	157	162	29	157	34	162	123
3	2	49.045	157	157	157	1	157	1	157	92.4
3	1	38.710	155	157	163	3	157	9	163	74.3
4	4	100.000	157	157	157	1	157	1	157	317
4	3	75.796	157	157	157	1	157	1	157	207
4	6	58.065	124	157	161	35	157	33	155	112
4	5	53.226	124	157	162	34	157	39	162	107
4	2	45.860	157	157	157	1	157	1	157	89.4
4	1	41.935	155	157	163	2	152	8	158	80.9
5	5	100.000	162	162	162	1	162	1	162	323
5	3	54.194	155	162	157	8	162	3	157	124
5	6	56.774	155	162	161	8	162	1	155	119
5	4	53.226	124	162	157	39	162	34	157	107
5	1	41.975	162	162	163	2	162	3	163	87.4
5	2	43.871	155	162	157	8	162	3	157	77.8
6	6	100.000	161	161	161	1	161	1	161	320
6	3	56.774	155	161	157	1	155	3	157	128
6	5	56.774	155	161	162	1	155	8	162	122
6	2	56.129	155	161	157	1	155	3	157	114
6	4	53.846	156	161	157	1	155	3	157	112
6	1	34.839	155	161	163	1	155	9	163	55.5
