1	1	100.000	64	64	64	1	64	1	64	131
1	4	71.429	63	64	65	3	64	3	65	95.5
1	3	62.712	59	64	63	6	64	5	63	79.3
1	7	59.677	62	64	66	4	64	5	66	79.3
1	11	48.387	62	64	68	1	62	4	65	69.3
1	2	54.098	61	64	59	4	64	3	59	67.4
1	10	50.820	61	64	60	4	64	3	60	63.2
1	9	41.270	63	64	66	2	64	4	66	60.1
1	6	42.623	61	64	64	4	64	6	63	56.2
1	8	44.262	61	64	60	4	64	3	60	55.1
1	5	45.161	62	64	64	4	64	6	64	53.5
10	10	100.000	60	60	60	1	60	1	60	122
10	8	58.333	60	60	60	1	60	1	60	84.0
10	6	61.667	60	60	64	2	60	5	64	80.5
10	3	60.317	63	60	63	1	60	1	63	77.0
10	5	55.000	60	60	64	2	60	5	64	73.2
10	2	52.542	59	60	59	1	59	1	59	72.4
10	1	50.820	61	60	64	3	60	4	64	63.2
10	7	48.387	62	60	66	3	60	5	66	57.8
10	4	43.333	60	60	65	5	60	6	65	52.0
10	11	38.710	62	60	68	3	60	7	68	48.1
10	9	32.203	59	60	66	5	60	8	66	36.6
11	11	100.000	68	68	68	1	68	1	68	140
11	4	52.542	59	68	65	10	68	7	65	72.4
11	7	48.485	66	68	66	3	68	1	66	71.6
11	1	48.387	62	68	64	4	65	1	62	69.3
11	3	50.820	61	68	63	8	68	4	63	67.4
11	8	48.387	62	68	60	7	68	3	60	59.7
11	5	41.176	68	68	64	1	68	1	64	55.1
11	2	40.984	61	68	59	7	67	3	59	52.4
11	6	37.313	67	68	64	2	68	1	64	51.2
11	10	38.710	62	68	60	7	68	3	60	48.1
11	9	29.825	57	68	66	11	67	10	66	43.9
2	2	100.000	59	59	59	1	59	1	59	122
2	8	57.627	59	59	60	1	59	1	59	77.0
2	3	58.065	62	59	63	1	59	1	62	76.3
2	10	52.542	59	59	60	1	59	1	59	72.4
2	6	51.667	60	59	64	2	59	5	64	69.3
2	5	53.333	60	59	64	2	59	5	64	68.9
2	1	54.098	61	59	64	3	59	4	64	67.4
2	7	58.065	62	59	66	3	59	5	66	65.9
2	4	48.438	64	59	65	1	59	2	65	62.8
2	11	40.984	61	59	68	3	59	7	67	52.4
2	9	36.842	57	59	66	7	59	10	66	36.2
3	3	100.000	63	63	63	1	63	1	63	132
3	1	62.712	59	63	64	5	63	6	64	79.3
3	7	59.016	61	63	66	4	63	6	66	78.6
3	10	60.317	63	63	60	1	63	1	60	77.0
3	2	58.065	62	63	59	1	62	1	59	76.3
3	4	54.688	64	63	65	1	63	2	65	75.5
3	8	50.794	63	63	60	1	63	1	60	68.2
3	11	50.820	61	63	68	4	63	8	68	67.4
3	6	47.619	63	63	64	2	63	5	64	63.2
3	5	42.857	63	63	64	2	63	5	64	61.2
3	9	33.333	60	63	66	4	63	7	66	43.9
4	4	100.000	65	65	65	1	65	1	65	136
4	1	71.429	63	65	64	3	65	3	64	95.5
4	7	69.492	59	65	66	7	65	8	66	89.0
4	3	54.688	64	65	63	2	65	1	63	75.5
4	11	52.542	59	65	68	7	65	10	68	72.4
4	2	48.438	64	65	59	2	65	1	59	62.8
4	9	42.623	61	65	66	5	65	7	66	58.2
4	5	45.763	59	65	64	7	65	9	64	57.4
4	6	44.068	59	65	64	7	65	9	64	55.8
4	8	44.643	56	65	60	2	57	1	53	53.5
4	10	43.333	60	65	60	6	65	5	60	52.0
5	5	100.000	64	64	64	1	64	1	64	132
5	6	68.750	64	64	64	1	64	1	64	100
5	8	58.333	60	64	60	5	64	2	60	76.3
5	7	59.091	66	64	66	2	64	1	66	74.3
5	10	55.000	60	64	60	5	64	2	60	73.2
5	2	53.333	60	64	59	5	64	2	59	68.9
5	3	42.857	63	64	63	5	64	2	63	61.2
5	4	45.763	59	64	65	9	64	7	65	57.4
5	11	41.176	68	64	68	1	64	1	68	55.1
5	1	45.161	62	64	64	6	64	4	64	53.5
5	9	37.500	64	64	66	4	64	5	66	38.9
6	6	100.000	64	64	64	1	64	1	64	129
6	5	68.750	64	64	64	1	64	1	64	100
6	10	61.667	60	64	60	5	64	2	60	80.5
6	8	60.000	60	64	60	5	64	2	60	79.0
6	2	51.667	60	64	59	5	64	2	59	69.3
6	7	50.000	66	64	66	2	64	1	66	67.8
6	3	47.619	63	64	63	5	64	2	63	63.2
6	1	42.623	61	64	64	6	63	4	64	56.2
6	4	44.068	59	64	65	9	64	7	65	55.8
6	11	37.313	67	64	68	1	64	2	68	51.2
6	9	37.500	64	64	66	4	64	5	66	37.0
7	7	100.000	66	66	66	1	66	1	66	136
7	4	69.492	59	66	65	8	66	7	65	89.0
7	1	59.677	62	66	64	5	66	4	64	79.3
7	3	59.016	61	66	63	6	66	4	63	78.6
7	5	59.091	66	66	64	1	66	2	64	74.3
7	11	48.485	66	66	68	1	66	3	68	71.6
7	6	50.000	66	66	64	1	66	2	64	67.8
7	2	58.065	62	66	59	5	66	3	59	65.9
7	10	48.387	62	66	60	5	66	3	60	57.8
7	8	50.000	62	66	60	5	66	3	60	56.2
7	9	42.188	64	66	66	3	66	5	66	51.6
8	8	100.000	60	60	60	1	60	1	60	119
8	10	58.333	60	60	60	1	60	1	60	84.0
8	6	60.000	60	60	64	2	60	5	64	79.0
8	2	57.627	59	60	59	1	59	1	59	77.0
8	5	58.333	60	60	64	2	60	5	64	76.3
8	3	50.794	63	60	63	1	60	1	63	68.2
8	11	48.387	62	60	68	3	60	7	68	59.7
8	7	50.000	62	60	66	3	60	5	66	56.2
8	1	44.262	61	60	64	3	60	4	64	55.1
8	4	44.643	56	60	65	1	53	2	57	53.5
8	9	38.596	57	60	66	7	60	10	66	41.6
9	9	100.000	66	66	66	1	66	1	66	135
9	1	41.270	63	66	64	4	66	2	64	60.1
9	4	42.623	61	66	65	7	66	5	65	58.2
9	7	42.188	64	66	66	5	66	3	66	51.6
9	3	33.333	60	66	63	7	66	4	63	43.9
9	11	29.825	57	66	68	10	66	11	67	43.9
9	8	38.596	57	66	60	10	66	7	60	41.6
9	5	37.500	64	66	64	5	66	4	64	38.9
9	6	37.500	64	66	64	5	66	4	64	37.0
9	10	32.203	59	66	60	8	66	5	60	36.6
9	2	36.842	57	66	59	10	66	7	59	36.2
