1	1	100.000	375	375	375	1	375	1	375	768
1	16	98.842	259	375	259	116	374	1	259	527
1	12	100.000	250	375	250	20	269	1	250	511
1	4	68.546	337	375	322	9	345	1	319	453
1	21	39.286	252	375	456	14	262	11	261	197
1	2	38.911	257	375	460	1	254	1	254	190
1	10	39.344	244	375	338	14	254	1	243	186
1	15	39.256	242	375	422	1	235	1	239	187
1	17	37.759	241	375	422	1	235	1	239	180
1	13	24.419	172	375	358	50	212	43	214	60.5
1	23	22.222	180	375	264	65	240	66	239	38.1
10	10	100.000	338	338	338	1	338	1	338	695
10	2	91.124	338	338	460	1	338	12	349	642
10	21	70.930	258	338	456	1	258	11	268	392
10	17	61.567	268	338	422	1	268	12	278	338
10	15	57.463	268	338	422	1	268	12	278	324
10	4	40.625	256	338	322	1	255	6	258	200
10	1	39.344	244	338	375	1	243	14	254	186
10	12	39.076	238	338	250	7	243	1	235	179
10	16	35.252	139	338	259	106	243	1	139	95.1
10	13	22.785	237	338	358	55	287	65	293	55.8
10	23	25.893	112	338	264	69	180	80	189	47.8
10	9	21.481	135	338	285	48	182	78	208	45.1
10	14	22.321	112	338	268	69	180	80	189	44.3
10	18	24.324	111	338	272	70	180	83	191	43.9
10	24	22.124	113	338	265	70	182	81	191	41.2
10	20	24.074	108	338	272	75	182	86	191	38.1
10	19	20.408	147	338	460	34	173	34	180	37.7
11	11	100.000	271	271	271	1	271	1	271	558
11	8	54.615	260	271	278	4	263	12	270	289
11	5	51.128	266	271	278	4	265	12	276	281
11	7	44.275	262	271	265	8	266	3	259	215
11	22	45.136	257	271	268	7	258	2	252	214
11	3	34.035	285	271	321	10	267	36	320	172
11	20	33.206	262	271	272	12	265	10	270	150
11	24	32.353	204	271	265	9	211	7	210	130
11	14	30.165	242	271	268	10	243	5	243	128
11	9	31.008	258	271	285	8	262	23	277	128
11	18	31.707	205	271	272	8	211	8	212	126
11	23	27.731	238	271	264	10	243	5	242	118
11	12	26.596	94	271	250	89	179	68	160	37.4
11	1	26.596	94	271	375	89	179	87	179	37.7
12	1	100.000	250	250	375	1	250	20	269	511
12	12	100.000	250	250	250	1	250	1	250	506
12	4	79.116	249	250	322	1	249	12	260	403
12	16	100.000	154	250	259	97	250	1	154	317
12	21	40.081	247	250	456	1	243	17	261	190
12	10	39.076	238	250	338	1	235	7	243	179
12	15	39.910	223	250	422	1	216	18	239	178
12	2	39.076	238	250	460	1	235	18	254	178
12	17	37.387	222	250	422	1	216	18	239	168
12	13	24.667	150	250	358	48	193	65	214	58.9
12	23	23.478	115	250	264	46	160	66	178	37.4
12	11	26.596	94	250	271	68	160	89	179	37.4
13	13	100.000	358	358	358	1	358	1	358	738
13	17	23.810	294	358	422	19	295	19	302	63.5
13	1	24.419	172	358	375	43	214	50	212	60.5
13	12	24.667	150	358	250	65	214	48	193	58.9
13	15	23.932	234	358	422	65	290	66	295	59.7
13	10	22.785	237	358	338	65	293	55	287	55.8
13	2	23.485	264	358	460	65	313	66	320	53.9
13	4	26.119	134	358	322	65	196	59	191	51.2
13	21	24.667	150	358	456	36	183	38	184	45.1
13	16	26.316	95	358	259	120	214	6	97	41.6
13	22	26.667	120	358	268	58	176	57	172	39.3
14	14	100.000	268	268	268	1	268	1	268	549
14	24	78.544	261	268	265	1	261	1	261	441
14	9	73.408	267	268	285	1	267	18	284	418
14	18	72.015	268	268	272	1	268	3	270	417
14	23	67.742	248	268	264	1	248	1	247	349
14	20	44.800	250	268	272	1	247	1	250	230
14	7	31.687	243	268	265	1	243	1	237	139
14	22	27.347	245	268	268	1	243	1	237	129
14	11	30.165	242	268	271	5	243	10	243	128
14	8	30.000	260	268	278	5	261	18	264	119
14	5	27.755	245	268	278	3	244	13	255	115
14	3	27.027	185	268	321	22	206	50	233	94.4
14	2	22.807	114	268	460	80	191	80	193	47.0
14	15	20.896	201	268	422	80	252	80	274	46.6
14	10	22.321	112	268	338	80	189	69	180	44.3
14	17	20.930	129	268	422	68	192	66	194	43.5
14	21	23.585	106	268	456	86	189	85	190	42.7
15	15	100.000	422	422	422	1	422	1	422	867
15	17	75.829	422	422	422	1	422	1	422	678
15	2	45.861	447	422	460	1	417	1	443	363
15	21	45.688	429	422	456	4	407	3	429	352
15	10	57.463	268	422	338	12	278	1	268	325
15	4	40.435	230	422	322	11	239	5	227	188
15	1	39.256	242	422	375	1	239	1	235	188
15	12	39.910	223	422	250	18	239	1	216	179
15	16	41.463	123	422	259	117	239	1	120	106
15	13	23.932	234	422	358	66	295	65	290	59.3
15	14	20.896	201	422	268	80	274	80	252	46.2
15	9	21.212	132	422	285	86	215	103	232	45.1
15	18	22.727	132	422	272	86	215	88	217	43.5
15	20	23.423	111	422	272	86	196	86	194	40.0
15	23	21.622	111	422	264	86	196	86	194	39.7
15	24	19.658	117	422	265	80	196	80	194	39.7
15	7	25.180	139	422	265	86	215	82	218	38.5
16	16	100.000	259	259	259	1	259	1	259	532
16	1	98.842	259	259	375	1	259	116	374	527
16	12	100.000	154	259	250	1	154	97	250	317
16	4	58.696	230	259	322	1	230	108	319	258
16	21	39.456	147	259	456	1	147	116	261	113
16	15	41.463	123	259	422	1	120	117	239	106
16	17	38.211	123	259	422	1	120	117	239	99.8
16	2	36.691	139	259	460	1	139	117	254	98.6
16	10	35.252	139	259	338	1	139	106	243	95.1
16	13	26.316	95	259	358	6	97	120	214	41.6
17	17	100.000	422	422	422	1	422	1	422	868
17	15	75.829	422	422	422	1	422	1	422	666
17	2	48.081	443	422	460	1	417	1	443	378
17	21	46.330	436	422	456	4	414	3	436	362
17	10	61.567	268	422	338	12	278	1	268	338
17	4	38.865	229	422	322	11	239	5	227	179
17	1	37.759	241	422	375	1	239	1	235	180
17	12	37.387	222	422	250	18	239	1	216	168
17	16	38.211	123	422	259	117	239	1	120	99.8
17	13	23.810	294	422	358	19	302	19	295	63.5
17	9	22.222	162	422	285	66	225	85	241	45.1
17	14	20.930	129	422	268	66	194	68	192	43.5
17	18	20.188	213	422	272	66	276	70	268	42.4
17	20	22.400	125	422	272	86	210	86	208	39.3
17	24	18.471	157	422	265	58	212	60	212	38.9
18	18	100.000	272	272	272	1	272	1	272	554
18	9	81.716	268	272	285	1	268	16	283	467
18	24	71.970	264	272	265	3	266	1	264	418
18	14	72.015	268	272	268	3	270	1	268	417
18	23	66.135	251	272	264	3	253	1	250	343
18	20	43.939	264	272	272	9	269	7	269	238
18	7	31.276	243	272	265	3	245	1	237	130
18	11	31.707	205	272	271	8	212	8	211	126
18	22	26.749	243	272	268	3	245	1	237	117
18	5	27.203	261	272	278	2	259	10	268	105
18	8	28.205	234	272	278	11	243	19	248	101
18	3	26.562	192	272	321	24	215	50	240	88.6
18	2	24.779	113	272	460	83	193	81	193	47.4
18	10	24.324	111	272	338	83	191	70	180	43.9
18	15	22.727	132	272	422	88	217	86	215	43.5
18	17	20.188	213	272	422	70	268	66	276	42.4
18	21	25.234	107	272	456	88	191	85	190	40.8
19	19	100.000	460	460	460	1	460	1	460	935
19	6	46.844	301	460	362	2	286	3	302	275
19	21	22.449	147	460	456	34	180	44	183	51.2
19	2	21.088	147	460	460	34	180	45	184	43.5
19	10	20.408	147	460	338	34	180	34	173	38.1
2	2	100.000	460	460	460	1	460	1	460	941
2	10	91.124	338	460	338	12	349	1	338	642
2	21	54.428	463	460	456	4	460	3	456	480
2	17	48.081	443	460	422	1	443	1	417	381
2	15	45.861	447	460	422	1	443	1	417	366
2	4	40.392	255	460	322	11	264	5	256	198
2	1	38.911	257	460	375	1	254	1	254	190
2	12	39.076	238	460	250	18	254	1	235	179
2	16	36.691	139	460	259	117	254	1	139	98.6
2	13	23.485	264	460	358	66	320	65	313	53.9
2	23	26.316	114	460	264	80	193	80	191	51.2
2	9	21.678	143	460	285	51	193	70	208	48.1
2	18	24.779	113	460	272	81	193	83	193	47.4
2	14	22.807	114	460	268	80	193	80	191	47.0
2	24	23.009	113	460	265	81	193	81	191	45.4
2	19	21.088	147	460	460	45	184	34	180	43.1
2	20	25.926	108	460	272	86	193	86	191	42.4
20	20	100.000	272	272	272	1	272	1	272	550
20	9	49.004	251	272	285	7	257	24	271	246
20	23	45.211	261	272	264	6	266	6	262	240
20	18	43.939	264	272	272	7	269	9	269	238
20	14	44.800	250	272	268	1	250	1	247	230
20	24	43.373	249	272	265	7	255	7	252	224
20	7	36.398	261	272	265	1	261	1	252	162
20	11	33.206	262	272	271	10	270	12	265	150
20	22	33.962	265	272	268	1	260	1	251	145
20	5	33.716	261	272	278	4	261	17	268	142
20	8	32.700	263	272	278	2	261	15	268	140
20	3	29.557	203	272	321	11	213	39	240	120
20	2	25.926	108	272	460	86	191	86	193	42.7
20	15	23.423	111	272	422	86	194	86	196	40.0
20	17	22.400	125	272	422	86	208	86	210	39.3
20	10	24.074	108	272	338	86	191	75	182	38.1
21	21	100.000	456	456	456	1	456	1	456	939
21	2	54.371	469	456	460	3	456	4	460	477
21	10	70.930	258	456	338	11	268	1	258	392
21	17	46.330	436	456	422	3	436	4	414	363
21	15	46.963	428	456	422	3	429	4	407	356
21	4	39.764	254	456	322	11	263	6	256	204
21	1	39.286	252	456	375	11	261	14	262	197
21	12	40.081	247	456	250	17	261	1	243	190
21	16	39.456	147	456	259	116	261	1	147	113
21	19	22.449	147	456	460	44	183	34	180	50.4
21	23	25.472	106	456	264	85	190	86	189	45.4
21	13	24.667	150	456	358	38	184	36	183	45.1
21	14	23.585	106	456	268	85	190	86	189	42.4
21	18	25.234	107	456	272	85	190	88	191	40.8
21	9	22.222	126	456	285	65	190	85	206	40.8
21	24	23.585	106	456	265	85	190	86	189	40.4
22	22	100.000	268	268	268	1	268	1	268	555
22	7	70.189	265	268	265	1	265	1	265	400
22	11	45.136	257	268	271	2	252	7	258	214
22	5	44.615	260	268	278	4	262	17	275	210
22	8	44.939	247	268	278	5	250	18	263	206
22	3	31.769	277	268	321	2	254	33	309	157
22	20	33.962	265	268	272	1	251	1	260	145
22	23	28.689	244	268	264	1	237	1	242	138
22	9	28.571	259	268	285	1	248	18	274	130
22	14	27.347	245	268	268	1	237	1	243	129
22	24	29.665	209	268	265	1	205	1	209	125
22	18	26.749	243	268	272	1	237	3	245	117
22	13	26.667	120	268	358	57	172	58	176	39.3
23	23	100.000	264	264	264	1	264	1	264	540
23	14	67.742	248	264	268	1	247	1	248	349
23	9	67.331	251	264	285	1	250	18	268	345
23	18	66.135	251	264	272	1	250	3	253	343
23	24	62.357	263	264	265	1	262	1	263	335
23	20	45.211	261	264	272	6	262	6	266	240
23	7	31.557	244	264	265	1	242	1	237	141
23	22	28.689	244	264	268	1	242	1	237	138
23	8	28.679	265	264	278	5	260	18	276	119
23	11	27.731	238	264	271	5	242	10	243	118
23	5	29.808	208	264	278	3	210	13	218	115
23	3	27.094	203	264	321	4	206	35	233	100
23	2	26.316	114	264	460	80	191	80	193	51.2
23	10	25.893	112	264	338	80	189	69	180	47.8
23	21	25.472	106	264	456	86	189	85	190	45.4
23	15	21.622	111	264	422	86	194	86	196	39.7
23	1	22.222	180	264	375	66	239	65	240	38.1
23	12	23.478	115	264	250	66	178	46	160	37.4
23	17	20.721	111	264	422	86	194	86	196	37.0
24	24	100.000	265	265	265	1	265	1	265	542
24	14	78.544	261	265	268	1	261	1	261	441
24	18	71.970	264	265	272	1	264	3	266	418
24	9	71.698	265	265	285	1	265	18	282	411
24	23	62.357	263	265	264	1	263	1	262	335
24	20	43.373	249	265	272	7	252	7	255	224
24	11	32.353	204	265	271	7	210	9	211	130
24	7	30.453	243	265	265	1	243	1	237	129
24	22	29.665	209	265	268	1	209	1	205	125
24	8	26.894	264	265	278	5	265	18	276	108
24	5	27.799	259	265	278	3	258	13	269	108
24	3	24.044	183	265	321	24	206	52	233	87.8
24	2	23.009	113	265	460	81	191	81	193	45.4
24	10	22.124	113	265	338	81	191	70	182	41.2
24	21	23.585	106	265	456	86	189	85	190	40.4
24	15	19.658	117	265	422	80	194	80	196	39.7
24	17	18.471	157	265	422	60	212	58	212	38.9
3	3	100.000	321	321	321	1	321	1	321	667
3	11	34.035	285	321	271	36	320	10	267	172
3	7	35.887	248	321	265	56	298	25	243	166
3	5	31.502	273	321	278	37	309	19	267	162
3	22	31.769	277	321	268	33	309	2	254	158
3	8	30.996	271	321	278	36	305	18	263	151
3	20	29.557	203	321	272	39	240	11	213	119
3	23	27.094	203	321	264	35	233	4	206	100
3	14	27.027	185	321	268	50	233	22	206	94.4
3	9	26.486	185	321	285	50	233	39	223	92.8
3	18	26.562	192	321	272	50	240	24	215	88.2
3	24	24.044	183	321	265	52	233	24	206	87.8
4	4	100.000	322	322	322	1	322	1	322	651
4	1	68.843	337	322	375	1	319	9	345	458
4	12	79.116	249	322	250	12	260	1	249	404
4	16	58.898	236	322	259	108	319	1	230	261
4	10	37.755	294	322	338	6	295	1	293	204
4	21	39.608	255	322	456	6	257	11	264	205
4	2	36.949	295	322	460	5	295	11	304	201
4	15	40.435	230	322	422	5	227	11	239	189
4	17	38.865	229	322	422	5	227	11	239	180
4	13	26.119	134	322	358	59	191	65	196	51.2
5	5	100.000	278	278	278	1	278	1	278	569
5	8	81.091	275	278	278	1	275	1	275	474
5	11	51.128	266	278	271	12	276	4	265	281
5	7	46.457	254	278	265	17	269	4	253	213
5	22	44.615	260	278	268	17	275	4	262	210
5	3	31.502	273	278	321	19	267	37	309	162
5	20	33.716	261	278	272	17	268	4	261	142
5	14	27.755	245	278	268	13	255	3	244	115
5	23	29.808	208	278	264	13	218	3	210	115
5	9	29.167	264	278	285	10	269	17	275	111
5	24	27.799	259	278	265	13	269	3	258	108
5	18	27.203	261	278	272	10	268	2	259	105
6	6	100.000	362	362	362	1	362	1	362	744
6	19	48.188	276	362	460	3	277	2	266	267
7	7	100.000	265	265	265	1	265	1	265	547
7	22	70.189	265	265	268	1	265	1	265	400
7	11	44.275	262	265	271	3	259	8	266	215
7	8	44.094	254	265	278	5	257	18	270	213
7	5	46.457	254	265	278	4	253	17	269	213
7	3	35.887	248	265	321	25	243	56	298	166
7	20	36.398	261	265	272	1	252	1	261	162
7	23	31.557	244	265	264	1	237	1	242	141
7	14	31.687	243	265	268	1	237	1	243	139
7	9	33.649	211	265	285	1	207	18	228	135
7	18	31.276	243	265	272	1	237	3	245	130
7	24	30.453	243	265	265	1	237	1	243	129
7	15	25.180	139	265	422	82	218	86	215	38.5
7	13	26.882	93	265	358	82	171	84	175	36.2
8	8	100.000	278	278	278	1	278	1	278	568
8	5	81.091	275	278	278	1	275	1	275	474
8	11	54.615	260	278	271	12	270	4	263	289
8	7	44.094	254	278	265	18	270	5	257	213
8	22	44.939	247	278	268	18	263	5	250	206
8	3	30.996	271	278	321	18	263	36	305	150
8	20	32.700	263	278	272	15	268	2	261	140
8	14	30.000	260	278	268	18	264	5	261	119
8	23	28.679	265	278	264	18	276	5	260	119
8	24	26.894	264	278	265	18	276	5	265	108
8	9	28.713	202	278	285	19	218	26	227	105
8	18	28.205	234	278	272	19	248	11	243	101
9	9	100.000	285	285	285	1	285	1	285	582
9	18	81.716	268	285	272	16	283	1	268	467
9	14	73.408	267	285	268	18	284	1	267	418
9	24	71.698	265	285	265	18	282	1	265	411
9	23	67.331	251	285	264	18	268	1	250	345
9	20	49.004	251	285	272	24	271	7	257	246
9	7	33.649	211	285	265	18	228	1	207	135
9	22	28.571	259	285	268	18	274	1	248	130
9	11	31.008	258	285	271	23	277	8	262	128
9	5	29.167	264	285	278	17	275	10	269	111
9	8	28.713	202	285	278	26	227	19	218	105
9	3	26.486	185	285	321	39	223	50	233	92.8
9	2	21.678	143	285	460	70	208	51	193	48.5
9	17	22.222	162	285	422	85	241	66	225	45.1
9	15	21.212	132	285	422	103	232	86	215	45.1
9	10	21.481	135	285	338	78	208	48	182	45.1
9	21	22.222	126	285	456	85	206	65	190	41.2
