1	1	100.000	237	237	237	1	237	1	237	485
1	24	69.811	212	237	227	26	237	16	227	318
1	28	61.682	214	237	247	24	237	34	247	295
1	3	55.405	222	237	223	15	235	4	221	244
1	18	47.115	208	237	249	29	235	42	248	202
1	15	51.872	187	237	208	36	221	11	196	193
1	29	40.102	197	237	235	24	220	32	222	135
1	31	40.217	184	237	201	45	228	16	196	130
1	2	40.000	160	237	237	51	210	52	210	129
1	25	44.681	141	237	186	51	191	47	186	125
1	21	38.043	184	237	225	40	222	31	211	122
1	10	36.449	214	237	225	16	223	3	212	115
1	16	35.468	203	237	220	33	234	18	216	115
1	20	34.444	180	237	215	57	236	38	215	110
1	13	32.984	191	237	207	32	222	4	192	109
1	23	33.508	191	237	229	32	222	26	214	108
1	33	48.039	102	237	226	122	223	112	213	105
1	12	44.444	117	237	225	120	236	109	225	105
1	26	34.804	204	237	212	33	234	10	211	102
1	6	39.157	166	237	325	29	191	120	281	104
1	5	39.645	169	237	242	52	220	65	227	102
1	14	34.337	166	237	217	57	222	40	203	99.4
1	17	32.065	184	237	207	54	236	27	207	97.1
1	30	34.857	175	237	229	48	220	42	213	97.4
1	4	32.447	188	237	243	32	217	47	226	85.5
1	11	30.556	216	237	259	5	217	40	242	84.3
1	7	39.175	97	237	252	121	217	140	235	79.7
1	32	38.384	99	237	263	120	217	150	246	77.0
1	8	27.717	184	237	250	35	217	57	233	71.2
1	19	41.892	74	237	262	121	194	150	223	69.3
1	27	27.586	116	237	218	124	234	104	217	48.1
1	9	35.294	68	237	242	107	174	114	181	44.7
1	22	33.333	111	237	204	21	127	102	204	43.9
10	10	100.000	225	225	225	1	225	1	225	457
10	33	82.589	224	225	226	2	225	3	226	387
10	12	79.556	225	225	225	1	225	1	225	367
10	30	61.607	224	225	229	2	225	8	229	278
10	21	50.971	206	225	225	20	225	20	225	211
10	17	50.242	207	225	207	20	225	2	207	204
10	14	47.805	205	225	217	22	225	14	217	199
10	20	48.529	204	225	215	23	225	13	215	197
10	26	44.118	204	225	212	23	225	9	212	180
10	13	45.876	194	225	207	31	224	12	205	173
10	23	43.655	197	225	229	27	223	30	226	169
10	16	38.916	203	225	220	23	225	17	217	147
10	15	36.735	196	225	208	27	220	11	206	125
10	31	41.718	163	225	201	48	209	28	188	121
10	1	36.449	214	225	237	3	212	16	223	115
10	2	35.882	170	225	237	38	206	48	217	111
10	29	32.386	176	225	235	34	209	49	222	108
10	25	37.589	141	225	186	38	177	43	183	105
10	5	33.824	204	225	242	22	225	45	241	107
10	24	31.481	216	225	227	1	212	1	213	105
10	11	34.742	213	225	259	11	217	46	253	95.1
10	4	32.292	192	225	243	27	217	51	237	92.4
10	3	31.841	201	225	223	29	224	24	220	90.1
10	18	31.707	205	225	249	12	212	34	236	90.1
10	28	29.439	214	225	247	5	212	22	233	89.4
10	19	32.367	207	225	262	13	217	55	256	87.4
10	8	30.493	223	225	250	1	217	26	244	86.3
10	32	31.579	190	225	263	29	217	73	257	85.5
10	6	35.135	148	225	325	38	182	139	283	84.0
10	7	32.335	167	225	252	52	217	82	246	82.4
10	9	28.191	188	225	242	26	209	45	226	63.9
10	27	25.000	184	225	218	27	209	19	198	55.5
11	11	100.000	259	259	259	1	259	1	259	540
11	4	81.818	198	259	243	62	259	46	243	363
11	32	62.825	269	259	263	1	259	1	263	341
11	7	63.710	248	259	252	16	259	5	252	333
11	19	73.737	198	259	262	62	259	65	262	331
11	8	65.306	245	259	250	27	259	7	250	330
11	26	31.319	182	259	212	59	238	23	188	102
11	14	31.551	187	259	217	64	248	34	203	100
11	17	31.088	193	259	207	58	248	18	193	95.5
11	29	34.694	196	259	235	52	236	27	217	95.9
11	10	34.742	213	259	225	46	253	11	217	95.1
11	12	33.333	237	259	225	25	257	7	221	94.7
11	30	32.558	172	259	229	59	230	42	197	94.7
11	2	36.585	164	259	237	78	234	48	208	94.4
11	16	34.677	124	259	220	109	231	65	188	90.9
11	23	30.645	186	259	229	64	248	45	214	90.9
11	20	31.282	195	259	215	58	248	14	201	90.5
11	25	38.621	145	259	186	78	215	43	184	89.7
11	5	36.970	165	259	242	31	194	21	177	90.9
11	15	30.726	179	259	208	67	238	11	189	87.8
11	13	27.041	196	259	207	60	253	19	198	84.0
11	1	30.556	216	259	237	40	242	5	217	84.3
11	21	28.922	204	259	225	41	238	15	202	83.6
11	24	32.065	184	259	227	66	242	25	207	83.6
11	31	31.500	200	259	201	64	252	4	201	82.4
11	18	33.908	174	259	249	66	230	48	217	82.0
11	33	28.061	196	259	226	60	253	39	218	80.1
11	3	41.237	97	259	223	147	242	108	203	79.3
11	28	30.268	261	259	247	15	253	1	246	77.0
11	6	31.507	146	259	325	79	217	139	281	68.6
11	27	39.130	46	259	218	149	194	103	148	44.3
11	9	26.966	89	259	242	106	194	87	175	39.7
12	12	100.000	225	225	225	1	225	1	225	457
12	10	79.556	225	225	225	1	225	1	225	367
12	33	77.169	219	225	226	7	225	8	226	349
12	30	62.609	230	225	229	1	225	1	229	288
12	21	51.429	210	225	225	16	225	16	225	209
12	14	48.341	211	225	217	16	225	8	217	206
12	17	51.208	207	225	207	20	225	2	207	202
12	20	49.524	210	225	215	17	225	10	215	194
12	26	48.128	187	225	212	23	209	9	195	185
12	23	46.875	192	225	229	30	221	33	224	177
12	13	43.814	194	225	207	31	224	12	205	159
12	16	40.887	203	225	220	23	225	17	217	150
12	15	37.629	194	225	208	27	218	11	204	129
12	31	40.884	181	225	201	45	224	25	201	124
12	2	40.252	159	225	237	38	195	48	206	123
12	25	41.135	141	225	186	38	177	43	183	116
12	5	34.928	209	225	242	17	225	40	241	118
12	29	35.404	161	225	235	49	209	64	222	115
12	1	44.444	117	225	237	109	225	120	236	105
12	32	34.010	197	225	263	27	221	71	261	102
12	4	33.503	197	225	243	27	221	51	241	99.4
12	24	42.735	117	225	227	109	225	110	226	95.9
12	11	33.333	237	225	259	7	221	25	257	94.7
12	8	32.487	197	225	250	27	221	58	248	94.0
12	18	31.313	198	225	249	18	212	40	236	93.2
12	7	34.225	187	225	252	37	221	75	250	92.8
12	19	33.333	195	225	262	29	221	72	260	91.7
12	3	31.481	216	225	223	14	224	9	220	89.4
12	6	33.333	171	225	325	56	224	157	322	89.4
12	28	28.788	198	225	247	20	213	39	234	84.3
12	9	30.102	196	225	242	19	209	37	226	67.0
12	27	26.923	182	225	218	29	209	21	198	64.3
13	13	100.000	207	207	207	1	207	1	207	413
13	23	55.721	201	207	229	2	202	24	224	226
13	21	53.299	197	207	225	10	206	29	225	202
13	14	45.729	199	207	217	8	205	19	216	177
13	10	45.876	194	207	225	12	205	31	224	173
13	17	46.231	199	207	207	8	205	9	206	171
13	33	44.776	201	207	226	5	205	25	225	171
13	20	45.355	183	207	215	24	205	33	214	167
13	26	42.640	197	207	212	6	202	11	207	167
13	12	43.814	194	207	225	12	205	31	224	159
13	30	38.384	198	207	229	8	205	32	228	146
13	16	36.500	200	207	220	6	205	19	216	143
13	31	40.323	186	207	201	9	191	6	189	124
13	2	39.394	165	207	237	19	182	48	212	118
13	15	34.715	193	207	208	12	201	15	206	114
13	24	33.679	193	207	227	4	192	22	212	113
13	1	32.984	191	207	237	4	192	32	222	109
13	25	39.583	144	207	186	19	161	43	186	105
13	5	35.859	198	207	242	8	205	50	240	107
13	3	35.468	203	207	223	6	205	20	220	105
13	29	35.838	173	207	235	18	190	57	222	102
13	28	28.947	190	207	247	5	192	43	232	96.7
13	18	29.469	207	207	249	3	204	44	249	95.5
13	4	32.338	201	207	243	4	198	47	237	93.2
13	7	27.273	198	207	252	24	205	58	247	88.6
13	19	31.795	195	207	262	7	198	69	256	87.4
13	11	27.041	196	207	259	19	198	60	253	84.0
13	8	33.333	141	207	250	58	198	106	244	82.8
13	32	31.757	148	207	263	58	205	119	258	80.5
13	6	31.126	151	207	325	43	191	164	311	80.5
13	27	30.851	188	207	218	14	197	25	204	72.4
13	9	31.884	138	207	242	8	144	46	181	70.1
14	14	100.000	217	217	217	1	217	1	217	438
14	17	74.146	205	217	207	13	217	3	207	326
14	20	73.301	206	217	215	12	217	10	215	324
14	33	49.029	206	217	226	13	217	22	226	207
14	12	48.341	211	217	225	8	217	16	225	206
14	10	47.805	205	217	225	14	217	22	225	199
14	21	44.550	211	217	225	8	217	16	225	187
14	23	44.388	196	217	229	19	213	30	224	185
14	30	46.190	210	217	229	9	217	22	229	183
14	13	45.729	199	217	207	19	216	8	205	177
14	26	46.193	197	217	212	19	213	13	207	171
14	16	41.500	200	217	220	19	217	21	217	155
14	2	43.529	170	217	237	31	198	49	217	134
14	15	42.331	163	217	208	52	212	45	206	129
14	25	45.390	141	217	186	31	169	44	183	123
14	31	39.894	188	217	201	21	206	9	193	121
14	5	35.545	211	217	242	8	217	39	241	111
14	3	34.010	197	217	223	23	216	26	220	105
14	29	38.129	139	217	235	64	201	87	222	101
14	18	31.053	190	217	249	16	203	48	235	100
14	11	31.551	187	217	259	34	203	64	248	100
14	1	34.337	166	217	237	40	203	57	222	99.4
14	24	32.973	185	217	227	21	203	28	212	97.8
14	28	34.731	167	217	247	39	203	66	232	97.4
14	6	32.609	184	217	325	28	207	136	316	92.8
14	7	30.000	190	217	252	15	203	64	241	88.6
14	19	27.807	187	217	262	34	203	67	251	88.2
14	4	26.804	194	217	243	27	203	41	232	85.9
14	8	29.480	173	217	250	32	203	71	239	84.0
14	32	28.902	173	217	263	32	203	84	252	83.2
14	27	29.282	181	217	218	25	204	25	201	68.6
14	9	26.347	167	217	242	18	181	45	206	54.7
15	15	100.000	208	208	208	1	208	1	208	431
15	1	51.832	191	208	237	7	196	32	221	197
15	24	50.000	188	208	227	10	196	25	211	181
15	28	43.590	195	208	247	3	196	38	231	165
15	18	45.455	187	208	249	10	195	48	233	165
15	3	44.737	190	208	223	7	195	18	206	161
15	2	47.531	162	208	237	16	177	45	202	153
15	25	48.344	151	208	186	16	166	40	186	147
15	14	37.799	209	208	217	2	206	7	212	130
15	12	37.561	205	208	225	3	204	16	218	129
15	29	38.220	191	208	235	10	199	43	226	129
15	30	37.306	193	208	229	14	206	35	224	128
15	10	36.735	196	208	225	11	206	27	220	125
15	17	38.500	200	208	207	10	206	6	202	123
15	20	42.331	163	208	215	45	206	50	210	123
15	23	35.323	201	208	229	7	206	26	223	123
15	31	41.111	180	208	201	20	198	16	191	120
15	26	36.019	211	208	212	2	208	4	212	119
15	21	36.458	192	208	225	15	206	31	220	119
15	6	39.011	182	208	325	19	197	135	312	121
15	33	41.958	143	208	226	64	206	80	221	118
15	13	35.266	207	208	207	1	206	1	201	116
15	5	41.379	145	208	242	53	197	89	229	111
15	16	39.053	169	208	220	8	176	18	182	109
15	7	31.220	205	208	252	10	206	59	252	91.3
15	19	30.846	201	208	262	10	206	69	262	91.3
15	8	29.756	205	208	250	10	206	57	250	90.9
15	11	31.111	180	208	259	10	189	66	238	90.5
15	4	30.556	180	208	243	10	189	50	222	88.6
15	32	28.293	205	208	263	10	206	70	263	89.0
15	9	29.577	142	208	242	71	208	102	238	58.2
15	22	37.209	86	208	204	19	102	126	204	48.1
16	16	100.000	220	220	220	1	220	1	220	447
16	21	41.784	213	220	225	7	217	18	225	167
16	20	44.000	200	220	215	21	217	17	215	164
16	26	41.206	199	220	212	17	213	9	207	162
16	33	41.232	211	220	226	9	217	18	226	162
16	17	42.000	200	220	207	21	217	9	207	156
16	14	41.500	200	220	217	21	217	19	217	155
16	23	40.404	198	220	229	18	213	27	224	153
16	30	40.887	203	220	229	17	217	28	229	151
16	12	40.887	203	220	225	17	217	23	225	150
16	10	37.443	219	220	225	1	217	7	225	149
16	13	36.500	200	220	207	19	216	6	205	142
16	2	36.216	185	220	237	17	198	33	217	125
16	25	36.478	159	220	186	17	174	28	186	117
16	1	36.000	225	220	237	3	216	11	234	117
16	31	35.465	172	220	201	34	202	20	189	110
16	15	42.000	150	220	208	37	182	27	176	108
16	28	30.631	222	220	247	7	216	24	244	105
16	3	33.333	222	220	223	1	216	1	220	103
16	24	31.188	202	220	227	19	216	24	224	98.6
16	29	32.967	182	220	235	12	184	31	203	95.9
16	7	31.410	156	220	252	33	188	76	224	95.9
16	4	30.769	169	220	243	20	188	50	215	94.4
16	18	33.742	163	220	249	18	175	46	205	92.8
16	19	36.066	122	220	262	65	186	112	232	91.3
16	11	34.677	124	220	259	65	188	109	231	91.3
16	8	30.128	156	220	250	33	188	74	222	90.5
16	32	29.487	156	220	263	33	188	87	235	90.5
16	6	35.000	180	220	325	33	200	139	314	86.3
16	5	28.395	243	220	242	10	217	9	241	72.0
16	27	28.796	191	220	218	20	203	18	200	59.3
16	9	23.913	138	220	242	21	157	46	181	43.1
17	17	100.000	207	207	207	1	207	1	207	419
17	20	79.024	205	207	215	3	207	11	215	341
17	14	74.146	205	207	217	3	207	13	217	326
17	33	50.000	206	207	226	3	207	22	226	207
17	10	50.242	207	207	225	2	207	20	225	204
17	12	51.208	207	207	225	2	207	20	225	202
17	21	51.208	207	207	225	2	207	20	225	195
17	30	46.860	207	207	229	2	207	25	229	183
17	13	46.231	199	207	207	9	206	8	205	171
17	26	44.335	203	207	212	3	203	7	207	167
17	23	44.388	196	207	229	9	203	30	224	167
17	16	42.000	200	207	220	9	207	21	217	157
17	2	42.632	190	207	237	22	206	50	237	134
17	15	45.833	144	207	208	61	202	64	206	122
17	25	46.809	141	207	186	22	159	45	183	121
17	31	37.681	207	207	201	1	205	1	201	115
17	18	34.314	204	207	249	6	206	48	248	114
17	5	38.462	208	207	242	1	207	42	241	110
17	28	32.195	205	207	247	6	207	45	246	100
17	3	33.846	195	207	223	16	206	31	220	99.4
17	1	32.065	184	207	237	27	207	54	236	97.1
17	24	30.952	210	207	227	1	207	18	226	96.3
17	29	30.726	179	207	235	14	191	47	222	95.1
17	11	31.088	193	207	259	18	193	58	248	95.5
17	6	32.222	180	207	325	22	197	140	316	87.0
17	7	29.688	192	207	252	5	193	58	241	85.1
17	4	26.882	186	207	243	9	193	51	232	82.4
17	32	28.177	181	207	263	14	193	76	252	81.6
17	19	26.203	187	207	262	9	194	70	252	80.1
17	8	28.324	173	207	250	22	193	71	239	77.8
17	27	27.807	187	207	218	10	195	20	202	62.4
17	9	28.736	174	207	242	7	177	44	212	59.3
18	18	100.000	249	249	249	1	249	1	249	513
18	3	58.768	211	249	223	39	249	12	222	259
18	1	47.115	208	249	237	42	248	29	235	202
18	24	46.729	214	249	227	36	248	13	225	190
18	28	39.113	248	249	247	2	248	8	245	175
18	15	45.161	186	249	208	49	233	11	195	162
18	6	41.279	172	249	325	35	205	113	282	122
18	20	33.889	180	249	215	70	248	38	214	114
18	17	34.314	204	249	207	48	248	6	206	114
18	2	36.025	161	249	237	60	219	48	206	109
18	25	38.356	146	249	186	60	204	43	186	106
18	31	37.245	196	249	201	55	248	13	201	104
18	14	31.053	190	249	217	48	235	16	203	100
18	13	29.469	207	249	207	44	249	3	204	95.5
18	21	32.973	185	249	225	53	235	31	211	95.5
18	26	36.364	165	249	212	46	209	10	171	93.6
18	16	33.742	163	249	220	46	205	18	175	93.2
18	12	31.313	198	249	225	40	236	18	212	93.2
18	33	32.086	187	249	226	51	236	30	213	92.0
18	10	31.707	205	249	225	34	236	12	212	90.1
18	23	30.769	195	249	229	42	235	23	214	88.2
18	7	33.155	187	249	252	48	230	59	235	84.7
18	29	29.442	197	249	235	48	233	43	222	84.3
18	11	33.908	174	249	259	48	217	66	230	82.0
18	4	32.432	185	249	243	48	230	50	226	80.5
18	32	31.609	174	249	263	48	217	70	234	78.2
18	8	32.086	187	249	250	48	230	57	233	76.3
18	5	33.333	159	249	242	90	248	88	240	75.5
18	30	27.473	182	249	229	53	233	36	213	74.3
18	19	32.086	187	249	262	48	230	69	245	74.7
18	22	33.333	108	249	204	35	141	104	204	53.9
18	27	25.248	202	249	218	41	242	11	207	53.1
18	9	30.841	107	249	242	143	249	136	241	48.1
19	19	100.000	262	262	262	1	262	1	262	546
19	32	71.983	232	262	263	31	262	32	263	360
19	7	67.742	248	262	252	15	262	5	252	358
19	8	72.385	239	262	250	24	262	18	250	358
19	4	74.874	199	262	243	64	262	45	243	332
19	11	73.737	198	262	259	65	262	62	259	331
19	26	32.143	168	262	212	69	232	12	178	97.8
19	29	34.359	195	262	235	58	247	33	221	97.8
19	12	33.333	195	262	225	72	260	29	221	91.7
19	16	36.066	122	262	220	112	232	65	186	91.3
19	15	30.964	197	262	208	73	262	14	206	89.7
19	14	27.807	187	262	217	67	251	34	203	88.2
19	13	31.795	195	262	207	69	256	7	198	87.4
19	10	32.367	207	262	225	55	256	13	217	87.4
19	5	30.542	203	262	242	47	248	34	226	87.0
19	31	35.862	145	262	201	112	252	51	193	84.3
19	21	31.977	172	262	225	74	241	31	202	84.7
19	30	30.726	179	262	229	70	243	32	208	84.3
19	17	26.203	187	262	207	70	252	9	194	80.1
19	23	30.137	146	262	229	118	261	80	225	80.1
19	20	32.374	139	262	215	118	252	67	202	79.3
19	33	32.124	193	262	226	70	256	28	218	79.0
19	24	31.148	183	262	227	69	245	25	207	78.2
19	6	31.481	216	262	325	27	220	70	281	78.2
19	2	33.333	165	262	237	81	237	48	208	76.3
19	18	32.086	187	262	249	69	245	48	230	74.7
19	25	34.483	145	262	186	81	218	43	184	72.4
19	28	33.065	124	262	247	123	245	104	227	73.2
19	3	33.913	115	262	223	150	258	108	221	69.3
19	1	41.892	74	262	237	150	223	121	194	69.3
19	27	23.881	134	262	218	69	198	18	149	44.3
19	9	26.667	90	262	242	109	197	87	175	40.0
2	2	100.000	237	237	237	1	237	1	237	483
2	25	100.000	186	237	186	6	191	1	186	386
2	15	46.243	173	237	208	52	221	26	196	156
2	20	43.939	198	237	215	42	237	22	214	152
2	23	41.837	196	237	229	30	225	23	217	145
2	14	42.632	190	237	217	49	237	31	216	145
2	17	43.684	190	237	207	50	237	22	206	144
2	1	37.037	216	237	237	18	231	16	231	143
2	24	38.496	226	237	227	10	231	2	221	141
2	31	37.931	203	237	201	35	237	5	201	139
2	16	36.585	205	237	220	33	237	17	216	135
2	12	35.909	220	237	225	18	237	8	224	131
2	30	38.220	191	237	229	30	220	25	213	131
2	21	40.223	179	237	225	48	226	38	215	131
2	33	37.895	190	237	226	48	237	39	225	129
2	13	38.421	190	237	207	48	237	19	205	126
2	28	33.641	217	237	247	20	235	29	245	127
2	5	41.279	172	237	242	49	220	61	227	124
2	3	38.421	190	237	223	50	237	35	220	122
2	10	34.703	219	237	225	2	220	12	209	122
2	26	33.171	205	237	212	32	235	8	211	115
2	18	33.158	190	237	249	48	235	60	248	116
2	29	38.150	173	237	235	49	220	54	222	115
2	6	33.019	212	237	325	19	223	107	313	107
2	11	36.585	164	237	259	48	208	78	234	95.1
2	4	36.585	164	237	243	48	208	62	218	92.4
2	32	32.164	171	237	263	41	208	75	238	82.0
2	7	32.164	171	237	252	41	208	64	227	82.0
2	19	31.667	180	237	262	48	223	81	252	77.0
2	8	30.488	164	237	250	48	208	69	225	73.6
2	27	26.966	178	237	218	50	224	32	202	48.1
2	9	28.148	135	237	242	89	222	98	228	43.5
20	20	100.000	215	215	215	1	215	1	215	437
20	17	79.024	205	215	207	11	215	3	207	343
20	14	71.889	217	215	217	1	215	1	217	326
20	21	50.732	205	215	225	12	215	22	225	202
20	33	48.039	204	215	226	13	215	24	226	201
20	10	48.529	204	215	225	13	215	23	225	198
20	12	48.624	218	215	225	2	215	9	225	196
20	30	48.529	204	215	229	13	215	28	229	188
20	23	46.429	196	215	229	17	211	30	224	183
20	26	44.554	202	215	212	11	211	7	207	169
20	13	45.355	183	215	207	33	214	24	205	168
20	16	44.000	200	215	220	17	215	21	217	165
20	2	41.919	198	215	237	22	214	42	237	137
20	25	45.638	149	215	186	22	167	37	183	125
20	15	42.331	163	215	208	50	210	45	206	124
20	31	41.667	180	215	201	37	214	27	201	120
20	3	34.673	199	215	223	20	214	25	220	117
20	18	33.889	180	215	249	38	214	70	248	115
20	5	36.765	204	215	242	16	215	49	241	111
20	1	34.444	180	215	237	38	215	57	236	110
20	24	32.161	199	215	227	19	215	28	226	105
20	28	31.313	198	215	247	20	215	49	246	100
20	6	35.602	191	215	325	25	207	135	321	97.8
20	29	37.410	139	215	235	62	199	87	222	94.7
20	4	28.218	202	215	243	3	201	39	232	93.2
20	11	31.401	207	215	259	2	201	46	248	93.2
20	7	28.351	194	215	252	9	201	54	241	84.0
20	8	27.136	199	215	250	15	201	47	239	82.8
20	32	26.108	203	215	263	2	201	58	252	82.0
20	19	32.374	139	215	262	67	202	118	252	79.3
20	27	31.088	193	215	218	14	204	17	203	70.9
20	9	27.485	171	215	242	16	185	45	212	57.8
21	21	100.000	225	225	225	1	225	1	225	447
21	23	54.359	195	225	229	27	221	30	224	214
21	10	50.971	206	225	225	20	225	20	225	212
21	12	51.429	210	225	225	16	225	16	225	210
21	33	48.792	207	225	226	19	225	20	226	208
21	30	47.111	225	225	229	1	225	12	229	206
21	13	53.571	196	225	207	29	224	10	205	202
21	20	50.732	205	225	215	22	225	12	215	202
21	17	51.208	207	225	207	20	225	2	207	195
21	26	46.231	199	225	212	23	221	9	207	189
21	14	44.550	211	225	217	16	225	8	217	187
21	16	42.211	199	225	220	27	225	21	217	167
21	31	40.678	177	225	201	35	210	15	189	130
21	24	35.849	212	225	227	3	211	5	212	122
21	1	38.043	184	225	237	31	211	40	222	122
21	2	40.000	165	225	237	38	201	48	212	120
21	15	36.458	192	225	208	31	220	15	206	119
21	25	41.844	141	225	186	38	177	43	183	113
21	6	37.912	182	225	325	37	215	138	316	116
21	3	38.220	191	225	223	37	224	33	220	113
21	28	34.574	188	225	247	26	211	47	232	105
21	29	32.353	170	225	235	40	209	55	222	104
21	18	32.973	185	225	249	31	211	53	235	95.5
21	4	32.961	179	225	243	40	202	46	222	94.4
21	5	32.663	199	225	242	32	225	52	241	91.3
21	7	33.140	172	225	252	31	202	64	231	84.7
21	19	31.977	172	225	262	31	202	74	241	84.7
21	27	32.967	182	225	218	32	212	24	201	83.6
21	8	31.977	172	225	250	31	202	62	229	84.3
21	11	28.729	181	225	259	38	202	60	238	83.6
21	32	31.977	172	225	263	31	202	75	242	82.4
21	9	30.114	176	225	242	37	211	57	228	60.5
22	22	100.000	204	204	204	1	204	1	204	416
22	6	99.020	204	204	325	1	204	10	213	414
22	3	42.529	87	204	223	125	204	29	114	58.5
22	18	34.862	109	204	249	104	204	35	141	53.5
22	15	37.931	87	204	208	125	204	18	102	50.1
22	28	34.091	88	204	247	124	204	52	137	45.4
22	1	35.227	88	204	237	125	204	43	127	43.1
22	29	31.081	74	204	235	131	204	55	125	37.7
22	31	29.762	84	204	201	127	204	16	97	37.0
22	23	31.868	91	204	229	120	204	34	119	36.6
23	23	100.000	229	229	229	1	229	1	229	467
23	13	55.721	201	229	207	24	224	2	202	226
23	21	53.081	211	229	225	14	224	18	221	214
23	26	47.000	200	229	212	25	224	8	207	193
23	14	44.388	196	229	217	30	224	19	213	185
23	20	46.429	196	229	215	30	224	17	211	182
23	12	44.000	225	229	225	1	224	1	221	182
23	30	42.982	228	229	229	6	226	2	227	174
23	33	43.655	197	229	226	30	226	28	224	170
23	10	41.176	221	229	225	10	226	3	223	170
23	17	44.388	196	229	207	30	224	9	203	167
23	16	40.404	198	229	220	27	224	18	213	153
23	2	41.989	181	229	237	25	204	32	212	135
23	31	41.279	172	229	201	43	213	20	189	131
23	25	43.396	159	229	186	24	181	26	184	124
23	15	37.569	181	229	208	46	223	27	206	121
23	5	39.474	190	229	242	30	219	50	234	122
23	3	37.089	213	229	223	8	217	5	211	116
23	24	33.333	216	229	227	1	214	1	212	115
23	1	31.651	218	229	237	2	217	8	225	111
23	28	31.429	210	229	247	7	214	23	232	109
23	29	35.088	171	229	235	42	212	54	222	108
23	4	32.973	185	229	243	38	206	41	224	104
23	6	33.523	176	229	325	41	213	138	311	103
23	11	30.645	186	229	259	45	214	64	248	91.7
23	32	27.128	188	229	263	35	206	58	244	89.0
23	18	30.769	195	229	249	23	214	42	235	88.2
23	8	32.283	127	229	250	80	206	106	231	82.0
23	7	32.283	127	229	252	80	206	108	233	81.6
23	19	30.882	136	229	262	80	215	118	252	80.9
23	27	27.805	205	229	218	14	217	3	203	66.6
23	9	30.049	203	229	242	16	214	35	228	60.8
23	22	31.707	82	229	204	41	119	129	204	36.6
24	24	100.000	227	227	227	1	227	1	227	467
24	28	67.699	226	227	247	2	227	23	247	325
24	1	69.811	212	227	237	16	227	26	237	318
24	3	55.769	208	227	223	19	225	15	221	231
24	18	46.729	214	227	249	13	225	36	248	190
24	15	49.733	187	227	208	26	211	11	196	178
24	31	42.021	188	227	201	25	211	6	189	140
24	2	40.828	169	227	237	39	207	50	217	129
24	29	35.468	203	227	235	8	210	26	222	124
24	21	37.234	188	227	225	26	212	27	211	120
24	25	42.657	143	227	186	39	181	45	186	117
24	13	33.679	193	227	207	22	212	4	192	113
24	23	33.333	195	227	229	18	212	22	214	111
24	20	32.161	199	227	215	28	226	19	215	105
24	10	31.481	216	227	225	1	213	1	212	105
24	26	34.634	205	227	212	24	224	11	211	100
24	14	32.973	185	227	217	28	212	21	203	97.8
24	6	38.356	146	227	325	22	164	123	266	100
24	16	31.188	202	227	220	24	224	19	216	97.4
24	33	33.708	178	227	226	38	213	40	213	97.8
24	17	30.952	210	227	207	18	226	1	207	96.3
24	12	42.735	117	227	225	110	226	109	225	95.9
24	30	29.688	192	227	229	19	210	25	213	90.5
24	11	32.065	184	227	259	25	207	66	242	83.6
24	4	31.282	195	227	243	16	207	40	226	78.6
24	19	31.148	183	227	262	25	207	69	245	78.2
24	8	29.612	206	227	250	4	207	36	233	76.6
24	5	32.124	193	227	242	18	210	42	227	75.9
24	7	28.713	202	227	252	10	207	42	235	75.5
24	32	27.568	185	227	263	25	207	70	246	72.8
24	27	23.005	213	227	218	17	224	10	217	55.1
24	9	26.543	162	227	242	54	212	75	228	46.6
25	2	100.000	186	186	237	1	186	6	191	386
25	25	100.000	186	186	186	1	186	1	186	384
25	15	49.645	141	186	208	47	186	26	166	148
25	1	40.909	176	186	237	13	186	16	191	129
25	20	45.638	149	186	215	37	183	22	167	125
25	23	43.827	162	186	229	25	186	23	183	125
25	14	45.390	141	186	217	44	183	31	169	124
25	17	46.809	141	186	207	45	183	22	159	122
25	31	38.854	157	186	201	30	186	5	161	121
25	12	38.012	171	186	225	13	183	8	177	120
25	24	39.785	186	186	227	5	186	2	181	118
25	33	40.426	141	186	226	43	183	39	178	118
25	30	39.506	162	186	229	25	186	25	184	117
25	16	36.478	159	186	220	28	186	17	174	117
25	5	44.755	143	186	242	44	186	61	198	115
25	21	41.844	141	186	225	43	183	38	177	114
25	3	44.118	136	186	223	45	178	35	170	111
25	28	34.637	179	186	247	9	186	23	201	110
25	26	36.943	157	186	212	27	183	8	163	108
25	10	34.973	183	186	225	1	183	16	177	108
25	18	38.356	146	186	249	43	186	60	204	107
25	29	40.278	144	186	235	44	186	54	193	106
25	13	39.583	144	186	207	43	186	19	161	105
25	6	32.768	177	186	325	14	183	107	278	93.2
25	11	38.621	145	186	259	43	184	78	215	90.9
25	4	37.931	145	186	243	43	184	62	199	87.4
25	32	32.895	152	186	263	36	184	75	219	77.0
25	7	32.895	152	186	252	36	184	64	208	76.6
25	19	34.932	146	186	262	43	184	81	218	73.2
25	8	30.345	145	186	250	43	184	69	206	66.6
25	27	26.984	126	186	218	45	169	32	154	40.4
25	9	29.885	87	186	242	84	169	98	181	38.1
26	26	100.000	212	212	212	1	212	1	212	440
26	23	47.000	200	212	229	8	207	25	224	192
26	21	46.231	199	212	225	9	207	23	221	189
26	12	48.128	187	212	225	9	195	23	209	185
26	10	44.118	204	212	225	9	212	23	225	180
26	33	43.627	204	212	226	9	212	24	226	174
26	14	46.193	197	212	217	13	207	19	213	171
26	30	42.647	204	212	229	9	212	28	229	171
26	20	44.554	202	212	215	7	207	11	211	169
26	17	44.335	203	212	207	7	207	3	203	167
26	13	42.640	197	212	207	11	207	6	202	167
26	16	41.206	199	212	220	9	207	17	213	162
26	31	40.230	174	212	201	23	195	17	188	126
26	29	39.412	170	212	235	26	195	55	222	126
26	15	38.172	186	212	208	29	212	27	208	118
26	5	36.275	204	212	242	9	212	46	241	116
26	2	34.254	181	212	237	8	187	32	212	111
26	25	36.943	157	212	186	8	163	27	183	107
26	32	34.078	179	212	263	12	188	70	242	107
26	7	34.392	189	212	252	2	188	51	231	105
26	6	36.782	174	212	325	26	195	140	310	106
26	4	32.240	183	212	243	22	188	42	222	104
26	1	34.804	204	212	237	10	211	33	234	102
26	11	31.319	182	212	259	23	188	59	238	102
26	24	34.634	205	212	227	11	211	24	224	100
26	19	32.143	168	212	262	12	178	69	232	97.8
26	8	29.944	177	212	250	12	188	57	229	94.7
26	3	34.555	191	212	223	10	195	19	206	94.0
26	18	36.364	165	212	249	10	171	46	209	93.6
26	28	30.159	189	212	247	11	195	44	230	90.1
26	27	28.837	215	212	218	2	212	12	218	76.3
26	9	27.329	161	212	242	29	185	62	217	45.4
27	27	100.000	218	218	218	1	218	1	218	449
27	9	33.871	186	218	242	25	207	52	237	112
27	21	32.967	182	218	225	24	201	32	212	83.6
27	26	28.837	215	218	212	12	218	2	212	76.3
27	13	30.851	188	218	207	25	204	14	197	72.4
27	20	31.088	193	218	215	17	203	14	204	70.9
27	14	29.282	181	218	217	25	201	25	204	68.6
27	23	28.421	190	218	229	18	203	29	217	66.6
27	33	28.022	182	218	226	21	198	30	210	66.2
27	12	26.923	182	218	225	21	198	29	209	64.3
27	17	27.807	187	218	207	20	202	10	195	62.4
27	16	28.796	191	218	220	18	200	20	203	59.3
27	31	28.333	120	218	201	31	148	19	138	57.8
27	10	25.000	184	218	225	19	198	27	209	55.5
27	24	23.005	213	218	227	10	217	17	224	55.1
27	18	25.248	202	218	249	11	207	41	242	53.1
27	3	26.415	212	218	223	11	217	14	220	51.6
27	30	25.281	178	218	229	25	198	38	213	50.1
27	6	27.439	164	218	325	42	199	157	311	49.3
27	1	27.586	116	218	237	104	217	124	234	48.1
27	32	24.862	181	218	263	18	195	70	246	48.5
27	5	25.414	181	218	242	22	198	52	227	47.0
27	4	23.333	180	218	243	18	195	50	226	47.0
27	7	25.850	147	218	252	5	149	47	188	47.0
27	28	25.862	116	218	247	104	217	134	244	44.7
27	19	23.881	134	218	262	18	149	69	198	44.3
27	11	39.130	46	218	259	103	148	149	194	44.3
27	8	25.547	137	218	250	18	152	57	189	40.8
27	25	26.984	126	218	186	32	154	45	169	40.0
27	29	21.986	141	218	235	12	150	34	174	40.0
27	2	26.984	126	218	237	32	154	50	174	40.0
28	28	100.000	247	247	247	1	247	1	247	506
28	24	67.699	226	247	227	23	247	2	227	325
28	1	61.682	214	247	237	34	247	24	237	295
28	3	53.881	219	247	223	31	245	4	221	232
28	18	39.113	248	247	249	8	245	2	248	175
28	15	43.850	187	247	208	46	231	11	196	161
28	29	35.176	199	247	235	32	230	30	222	122
28	31	36.364	187	247	201	55	238	16	196	114
28	2	33.136	169	247	237	54	222	45	212	108
28	23	32.804	189	247	229	44	232	28	214	107
28	25	36.486	148	247	186	54	201	40	186	105
28	21	34.574	188	247	225	47	232	26	211	105
28	16	30.693	202	247	220	44	244	19	216	103
28	6	35.912	181	247	325	54	231	135	311	104
28	17	32.195	205	247	207	45	246	6	207	100
28	20	31.313	198	247	215	49	246	20	215	101
28	14	34.731	167	247	217	66	232	39	203	97.4
28	13	28.947	190	247	207	43	232	5	192	96.7
28	30	29.187	209	247	229	22	230	8	213	95.5
28	26	30.159	189	247	212	44	230	11	195	90.1
28	5	34.112	214	247	242	22	230	21	227	90.1
28	10	29.439	214	247	225	22	233	5	212	89.4
28	33	32.558	172	247	226	64	233	46	213	89.4
28	12	28.788	198	247	225	39	234	20	213	84.3
28	4	31.053	190	247	243	45	216	50	233	77.0
28	11	30.268	261	247	259	1	246	15	253	77.0
28	7	33.077	130	247	252	104	216	113	242	75.1
28	8	25.877	228	247	250	11	227	14	233	73.9
28	19	33.065	124	247	262	104	227	123	245	73.2
28	32	26.630	184	247	263	81	227	64	246	70.9
28	22	34.884	86	247	204	54	137	126	204	44.7
28	27	25.862	116	247	218	134	244	104	217	44.7
29	29	100.000	235	235	235	1	235	1	235	479
29	5	43.169	183	235	242	53	235	60	240	150
29	1	39.815	216	235	237	13	222	6	220	141
29	15	38.172	186	235	208	53	233	22	207	127
29	26	39.412	170	235	212	55	222	26	195	125
29	28	35.185	216	235	247	19	222	15	230	125
29	24	35.577	208	235	227	22	222	4	210	123
29	6	36.957	184	235	325	55	229	140	323	122
29	12	35.227	176	235	225	64	235	49	224	114
29	30	36.905	168	235	229	61	224	49	215	112
29	2	40.127	157	235	237	54	206	49	204	111
29	33	32.370	173	235	226	52	222	38	210	110
29	3	33.486	218	235	223	30	235	3	220	107
29	10	32.386	176	235	225	49	222	34	209	107
29	23	35.088	171	235	229	54	222	42	212	106
29	32	36.898	187	235	263	25	206	54	234	106
29	21	31.527	203	235	225	22	222	9	209	104
29	25	39.860	143	235	186	54	193	44	186	103
29	13	40.602	133	235	207	92	222	58	190	102
29	7	35.829	187	235	252	25	206	43	223	102
29	14	37.419	155	235	217	87	235	64	216	101
29	31	36.757	185	235	201	55	235	20	201	100
29	8	33.005	203	235	250	20	216	42	231	100
29	20	37.419	155	235	215	87	235	62	214	96.7
29	4	34.118	170	235	243	42	206	49	214	97.1
29	17	31.282	195	235	207	47	235	14	206	95.9
29	19	34.000	200	235	262	28	221	53	247	97.4
29	11	33.028	218	235	259	25	231	45	257	97.1
29	16	33.520	179	235	220	61	235	40	216	91.3
29	18	28.761	226	235	249	29	234	34	248	84.3
29	9	25.532	141	235	242	72	209	74	212	43.9
29	27	21.986	141	235	218	34	174	12	150	39.7
29	22	31.081	74	235	204	55	125	131	204	38.9
3	3	100.000	223	223	223	1	223	1	223	452
3	18	58.768	211	223	249	12	222	39	249	259
3	1	55.405	222	223	237	4	221	15	235	244
3	24	55.769	208	223	227	15	221	19	225	231
3	28	53.881	219	223	247	4	221	31	245	232
3	15	44.865	185	223	208	23	206	12	195	157
3	6	48.000	150	223	325	30	177	135	281	126
3	31	39.024	205	223	201	18	221	3	201	119
3	20	34.673	199	223	215	25	220	20	214	117
3	23	36.923	195	223	229	18	211	26	217	114
3	21	38.220	191	223	225	33	220	37	224	113
3	2	39.264	163	223	237	35	196	50	210	113
3	25	44.118	136	223	186	35	170	45	178	110
3	29	33.333	204	223	235	3	206	30	222	107
3	14	34.010	197	223	217	26	220	23	216	105
3	13	35.468	203	223	207	20	220	6	205	105
3	16	32.843	204	223	220	19	220	18	216	101
3	17	33.846	195	223	207	31	220	16	206	99.4
3	33	32.500	200	223	226	25	220	31	225	94.7
3	26	34.555	191	223	212	19	206	10	195	94.0
3	10	31.841	201	223	225	24	220	29	224	90.1
3	12	31.481	216	223	225	9	220	14	224	89.4
3	5	36.723	177	223	242	35	211	62	232	87.8
3	7	39.167	120	223	252	103	221	135	248	82.8
3	30	33.143	175	223	229	34	206	43	213	82.0
3	4	31.527	203	223	243	21	220	50	238	80.9
3	11	41.237	97	223	259	108	203	147	242	79.3
3	32	34.483	116	223	263	107	221	150	259	79.0
3	8	34.783	115	223	250	108	221	138	246	73.9
3	19	33.913	115	223	262	108	221	150	258	69.3
3	22	43.023	86	223	204	30	114	126	204	57.4
3	27	26.415	212	223	218	14	220	11	217	51.6
3	9	26.442	208	223	242	25	223	49	242	45.1
30	30	100.000	229	229	229	1	229	1	229	466
30	12	62.609	230	229	225	1	229	1	225	288
30	10	61.607	224	229	225	8	229	2	225	278
30	33	61.468	218	229	226	13	229	11	226	274
30	21	48.624	218	229	225	19	229	8	225	206
30	20	48.529	204	229	215	28	229	13	215	188
30	17	46.860	207	229	207	25	229	2	207	183
30	14	46.190	210	229	217	22	229	9	217	183
30	23	45.178	197	229	229	32	227	30	226	172
30	26	42.647	204	229	212	28	229	9	212	171
30	16	40.887	203	229	220	28	229	17	217	151
30	13	38.384	198	229	207	32	228	8	205	146
30	15	37.306	193	229	208	35	224	14	206	127
30	5	34.199	231	229	242	5	229	19	241	126
30	2	37.989	179	229	237	34	210	39	217	124
30	31	37.989	179	229	201	40	216	15	191	123
30	25	39.130	161	229	186	26	184	26	186	115
30	29	37.278	169	229	235	49	215	61	224	114
30	1	34.857	175	229	237	42	213	48	220	97.4
30	32	34.118	170	229	263	28	197	75	234	97.4
30	28	29.187	209	229	247	8	213	22	230	95.5
30	11	32.558	172	229	259	42	197	59	230	94.7
30	4	30.636	173	229	243	41	197	42	214	93.6
30	7	33.511	188	229	252	18	197	41	223	91.7
30	24	29.688	192	229	227	25	213	19	210	90.5
30	8	32.353	170	229	250	28	197	62	221	88.6
30	19	30.726	179	229	262	32	208	70	243	84.3
30	3	33.143	175	229	223	43	213	34	206	82.0
30	6	34.286	175	229	325	43	213	139	310	80.9
30	18	27.473	182	229	249	36	213	53	233	74.3
30	27	25.281	178	229	218	38	213	25	198	50.1
30	9	25.134	187	229	242	31	213	45	226	47.8
31	31	100.000	201	201	201	1	201	1	201	409
31	24	42.021	188	201	227	6	189	25	211	140
31	2	39.181	171	201	237	5	175	35	205	132
31	23	41.279	172	201	229	20	189	43	213	131
31	21	40.678	177	201	225	15	189	35	210	130
31	1	40.217	184	201	237	16	196	45	228	130
31	33	40.782	179	201	226	27	201	48	225	127
31	26	40.230	174	201	212	17	188	23	195	126
31	13	40.323	186	201	207	6	189	9	191	124
31	12	40.884	181	201	225	25	201	45	224	124
31	30	37.989	179	201	229	15	191	40	216	123
31	25	38.854	157	201	186	5	161	30	186	120
31	10	41.718	163	201	225	28	188	48	209	121
31	14	39.894	188	201	217	9	193	21	206	121
31	15	41.111	180	201	208	16	191	20	198	120
31	20	40.642	187	201	215	20	201	30	214	119
31	3	39.024	205	201	223	3	201	18	221	119
31	17	37.681	207	201	207	1	201	1	205	115
31	28	36.364	187	201	247	16	196	55	238	114
31	16	36.810	163	201	220	29	189	43	202	110
31	18	37.245	196	201	249	13	201	55	248	104
31	6	32.828	198	201	325	5	200	125	320	99.8
31	29	36.571	175	201	235	20	191	55	225	96.3
31	4	32.086	187	201	243	2	185	46	226	85.5
31	19	35.862	145	201	262	51	193	112	252	84.3
31	11	31.500	200	201	259	4	201	64	252	82.4
31	5	35.135	185	201	242	18	199	60	225	82.0
31	32	35.766	137	201	263	51	185	113	246	80.1
31	7	33.333	138	201	252	51	185	102	235	75.5
31	8	29.032	186	201	250	4	185	55	233	75.1
31	27	28.333	120	201	218	19	138	31	148	57.8
31	9	35.000	100	201	242	40	138	79	175	55.8
31	22	28.421	95	201	204	5	97	116	204	37.4
32	32	100.000	263	263	263	1	263	1	263	551
32	7	79.762	252	263	252	12	263	1	252	425
32	8	79.762	252	263	250	12	263	1	250	417
32	19	71.983	232	263	262	32	263	31	262	360
32	4	78.607	201	263	243	63	263	43	243	351
32	11	62.825	269	263	259	1	263	1	259	341
32	26	34.078	179	263	212	70	242	12	188	107
32	29	36.471	170	263	235	69	234	42	206	105
32	12	34.010	197	263	225	71	261	27	221	102
32	30	34.118	170	263	229	75	234	28	197	97.4
32	5	39.695	131	263	242	76	203	52	182	92.4
32	16	29.487	156	263	220	87	235	33	188	90.1
32	23	27.128	188	263	229	58	244	35	206	88.6
32	15	27.941	204	263	208	71	263	11	206	86.3
32	10	31.579	190	263	225	73	257	29	217	85.5
32	14	28.902	173	263	217	84	252	32	203	83.2
32	21	31.977	172	263	225	75	242	31	202	82.4
32	20	27.072	181	263	215	78	252	24	201	82.0
32	17	28.177	181	263	207	76	252	14	193	81.6
32	2	32.164	171	263	237	75	238	41	208	82.0
32	33	29.767	215	263	226	49	257	13	218	81.6
32	13	31.757	148	263	207	119	258	58	205	80.5
32	31	35.766	137	263	201	113	246	51	185	80.1
32	3	34.483	116	263	223	150	259	107	221	79.0
32	25	32.895	152	263	186	75	219	36	184	77.0
32	18	31.609	174	263	249	70	234	48	217	78.2
32	1	38.384	99	263	237	150	246	120	217	77.0
32	24	27.568	185	263	227	70	246	25	207	72.8
32	28	26.630	184	263	247	64	246	81	227	70.9
32	6	37.975	79	263	325	143	221	205	281	66.6
32	27	24.862	181	263	218	70	246	18	195	48.5
32	9	26.667	90	263	242	110	198	87	175	39.3
33	33	100.000	226	226	226	1	226	1	226	456
33	10	82.589	224	226	225	3	226	2	225	387
33	12	77.169	219	226	225	8	226	7	225	349
33	30	61.468	218	226	229	11	226	13	229	274
33	17	50.000	206	226	207	22	226	3	207	207
33	21	48.792	207	226	225	20	226	19	225	207
33	14	49.029	206	226	217	22	226	13	217	207
33	20	48.039	204	226	215	24	226	13	215	200
33	26	43.627	204	226	212	24	226	9	212	174
33	13	44.776	201	226	207	25	225	5	205	171
33	23	43.655	197	226	229	28	224	30	226	169
33	16	40.394	203	226	220	24	226	17	217	157
33	31	40.782	179	226	201	48	225	27	201	127
33	2	38.235	170	226	237	39	207	48	217	122
33	15	41.958	143	226	208	80	221	64	206	117
33	25	40.426	141	226	186	39	178	43	183	116
33	29	32.370	173	226	235	38	210	52	222	112
33	5	35.577	208	226	242	22	226	44	241	109
33	1	48.039	102	226	237	112	213	122	223	105
33	24	33.708	178	226	227	40	213	38	213	97.8
33	3	32.500	200	226	223	31	225	25	220	94.7
33	18	32.086	187	226	249	30	213	51	236	92.0
33	28	32.558	172	226	247	46	213	64	233	89.4
33	4	30.851	188	226	243	32	218	55	237	82.4
33	6	34.459	148	226	325	39	183	139	283	83.6
33	32	29.767	215	226	263	13	218	49	257	81.6
33	11	28.061	196	226	259	39	218	60	253	80.1
33	19	32.124	193	226	262	28	218	70	256	79.0
33	8	32.624	141	226	250	78	218	106	244	77.8
33	7	31.915	141	226	252	78	218	108	246	76.6
33	9	28.723	188	226	242	27	210	45	226	67.8
33	27	28.022	182	226	218	30	210	21	198	66.2
4	4	100.000	243	243	243	1	243	1	243	511
4	11	72.951	244	243	259	8	243	16	259	369
4	32	74.324	222	243	263	25	243	42	263	350
4	7	68.050	241	243	252	19	243	12	252	340
4	19	73.430	207	243	262	37	243	57	262	330
4	8	67.241	232	243	250	15	243	25	250	330
4	26	32.240	183	243	212	42	222	22	188	104
4	23	32.973	185	243	229	41	224	38	206	103
4	29	34.118	170	243	235	49	214	42	206	99.4
4	12	33.503	197	243	225	51	241	27	221	99.0
4	5	31.959	194	243	242	48	240	48	237	97.4
4	21	32.961	179	243	225	46	222	40	202	94.7
4	16	30.769	169	243	220	50	215	20	188	94.4
4	30	30.636	173	243	229	42	214	41	197	93.6
4	10	31.507	219	243	225	24	237	8	217	93.2
4	13	32.338	201	243	207	47	237	4	198	92.4
4	20	29.891	184	243	215	55	232	21	201	92.4
4	2	36.585	164	243	237	62	218	48	208	92.4
4	25	37.931	145	243	186	62	199	43	184	87.0
4	14	26.540	211	243	217	24	232	10	203	87.8
4	15	30.168	179	243	208	51	222	11	189	86.7
4	31	31.915	188	243	201	45	226	1	185	85.5
4	1	32.447	188	243	237	47	226	32	217	85.9
4	3	31.364	220	243	223	34	238	4	220	84.0
4	33	30.288	208	243	226	35	237	20	218	83.6
4	17	26.882	186	243	207	51	232	9	193	82.4
4	18	32.432	185	243	249	50	226	48	230	80.5
4	24	31.000	200	243	227	36	226	11	207	79.3
4	28	31.053	190	243	247	50	233	45	216	78.2
4	6	34.375	128	243	325	63	183	139	265	75.1
4	27	23.333	180	243	218	50	226	18	195	47.0
4	9	30.075	133	243	242	51	178	46	175	44.3
5	5	100.000	242	242	242	1	242	1	242	493
5	29	37.946	224	242	235	11	232	23	227	133
5	30	34.199	231	242	229	19	241	5	229	126
5	23	39.474	190	242	229	50	234	30	219	122
5	2	42.236	161	242	237	61	216	49	209	119
5	12	34.928	209	242	225	40	241	17	225	118
5	26	36.500	200	242	212	50	241	13	212	116
5	25	44.755	143	242	186	61	198	44	186	113
5	15	41.379	145	242	208	89	229	53	197	111
5	14	35.545	211	242	217	39	241	8	217	112
5	20	37.056	197	242	215	49	236	16	208	111
5	17	38.806	201	242	207	42	236	1	200	110
5	33	35.577	208	242	226	44	241	22	226	109
5	13	35.859	198	242	207	50	240	8	205	106
5	10	33.824	204	242	225	45	241	22	225	106
5	1	39.645	169	242	237	65	227	52	220	102
5	7	34.444	180	242	252	4	182	22	192	97.4
5	4	31.959	194	242	243	48	237	48	240	96.3
5	6	39.865	148	242	325	86	227	163	310	94.7
5	32	39.695	131	242	263	52	182	76	203	93.2
5	21	32.663	199	242	225	52	241	32	225	91.3
5	8	31.696	224	242	250	7	226	18	236	91.3
5	11	36.970	165	242	259	21	177	31	194	90.9
5	28	34.112	214	242	247	21	227	22	230	90.5
5	3	36.723	177	242	223	62	232	35	211	87.8
5	19	30.542	203	242	262	34	226	47	248	87.4
5	31	35.135	185	242	201	60	225	18	199	82.0
5	16	28.571	238	242	220	9	241	19	217	81.6
5	24	32.124	193	242	227	42	227	18	210	75.5
5	18	33.333	159	242	249	88	240	90	248	75.1
5	27	25.414	181	242	218	52	227	22	198	46.6
5	9	25.000	116	242	242	91	205	89	204	42.4
6	6	100.000	325	325	325	1	325	1	325	671
6	22	99.020	204	325	204	10	213	1	204	414
6	3	47.682	151	325	223	134	281	29	177	127
6	15	39.344	183	325	208	134	312	18	197	122
6	18	42.197	173	325	249	113	282	35	205	122
6	29	40.397	151	325	235	140	290	55	202	120
6	21	37.113	194	325	225	126	316	25	215	117
6	26	35.829	187	325	212	127	310	17	195	107
6	28	35.519	183	325	247	133	311	52	231	105
6	1	42.222	135	325	237	134	266	43	174	103
6	23	33.333	180	325	229	134	311	37	213	102
6	24	39.706	136	325	227	133	266	32	164	100
6	31	33.690	187	325	201	136	320	16	200	99.0
6	20	35.938	192	325	215	134	321	24	207	99.4
6	2	35.714	168	325	237	135	300	45	210	97.8
6	5	39.865	148	325	242	163	310	86	227	94.4
6	14	32.086	187	325	217	133	316	25	207	92.8
6	25	36.301	146	325	186	135	278	40	183	91.3
6	12	34.940	166	325	225	120	283	29	182	90.1
6	17	32.044	181	325	207	139	316	21	197	87.0
6	16	35.000	180	325	220	139	314	33	200	85.5
6	10	35.135	148	325	225	139	283	38	182	84.0
6	33	34.459	148	325	226	139	283	39	183	83.6
6	13	31.126	151	325	207	164	311	43	191	80.5
6	30	37.838	148	325	229	139	283	43	186	80.5
6	19	31.925	213	325	262	70	278	27	217	76.6
6	4	34.375	128	325	243	139	265	63	183	74.3
6	7	35.455	110	325	252	174	281	104	210	69.3
6	11	31.507	146	325	259	139	281	79	217	68.6
6	32	39.474	76	325	263	205	278	143	218	66.6
6	8	39.241	79	325	250	205	281	130	208	66.6
6	27	27.439	164	325	218	157	311	42	199	49.3
6	9	26.582	158	325	242	138	293	57	209	48.5
7	7	100.000	252	252	252	1	252	1	252	528
7	32	79.762	252	252	263	1	252	12	263	425
7	8	79.184	245	252	250	8	252	7	250	410
7	19	67.742	248	252	262	5	252	15	262	358
7	4	75.253	198	252	243	55	252	46	243	333
7	11	63.710	248	252	259	5	252	16	259	333
7	26	34.392	189	252	212	51	231	2	188	105
7	29	35.882	170	252	235	58	223	42	206	101
7	16	31.410	156	252	220	76	224	33	188	95.5
7	12	34.225	187	252	225	75	250	37	221	92.8
7	30	33.511	188	252	229	41	223	18	197	91.7
7	5	33.333	195	252	242	28	218	16	206	92.0
7	13	27.273	198	252	207	58	247	24	205	88.6
7	15	30.882	204	252	208	60	252	11	206	88.6
7	14	30.000	190	252	217	64	241	15	203	88.6
7	17	29.688	192	252	207	58	241	5	193	85.1
7	21	33.140	172	252	225	64	231	31	202	84.7
7	18	33.155	187	252	249	59	235	48	230	84.7
7	20	28.889	180	252	215	66	241	23	201	83.2
7	3	39.167	120	252	223	135	248	103	221	82.8
7	10	32.335	167	252	225	82	246	52	217	82.4
7	2	32.164	171	252	237	64	227	41	208	81.6
7	23	32.283	127	252	229	108	233	80	206	81.3
7	1	39.175	97	252	237	140	235	121	217	79.7
7	25	32.895	152	252	186	64	208	36	184	76.6
7	33	31.915	141	252	226	108	246	78	218	76.6
7	31	33.333	138	252	201	102	235	51	185	75.5
7	24	28.713	202	252	227	42	235	10	207	75.5
7	28	33.077	130	252	247	113	242	104	216	75.1
7	6	35.455	110	252	325	104	210	174	281	68.9
7	27	25.850	147	252	218	47	188	5	149	47.0
7	9	29.348	92	252	242	99	187	87	175	40.8
8	8	100.000	250	250	250	1	250	1	250	523
8	32	79.762	252	250	263	1	250	12	263	417
8	7	79.184	245	250	252	7	250	8	252	410
8	19	72.385	239	250	262	18	250	24	262	358
8	11	65.306	245	250	259	7	250	27	259	330
8	4	72.637	201	250	243	50	250	43	243	328
8	29	34.911	169	250	235	56	221	42	206	100
8	26	29.944	177	250	212	57	229	12	188	94.7
8	12	32.487	197	250	225	58	248	27	221	94.0
8	16	30.128	156	250	220	74	222	33	188	89.7
8	30	32.353	170	250	229	62	221	28	197	88.6
8	15	29.412	204	250	208	58	250	11	206	88.2
8	10	30.493	223	250	225	26	244	1	217	86.3
8	21	31.977	172	250	225	62	229	31	202	84.3
8	14	29.480	173	250	217	71	239	32	203	84.0
8	13	33.333	141	250	207	106	244	58	198	82.8
8	20	27.136	199	250	215	47	239	15	201	82.8
8	5	31.472	197	250	242	43	236	34	226	83.2
8	23	32.283	127	250	229	106	231	80	206	81.3
8	17	28.324	173	250	207	71	239	22	193	77.8
8	33	32.624	141	250	226	106	244	78	218	77.8
8	24	29.612	206	250	227	36	233	4	207	76.6
8	18	32.086	187	250	249	57	233	48	230	76.3
8	31	29.032	186	250	201	55	233	4	185	75.1
8	3	34.783	115	250	223	138	246	108	221	73.9
8	28	25.877	228	250	247	14	233	11	227	73.9
8	2	30.488	164	250	237	69	225	48	208	73.2
8	1	27.717	184	250	237	57	233	35	217	71.2
8	25	30.345	145	250	186	69	206	43	184	66.2
8	6	39.241	79	250	325	130	208	205	281	66.2
8	27	25.547	137	250	218	57	189	18	152	40.8
9	9	100.000	242	242	242	1	242	1	242	495
9	27	33.871	186	242	218	52	237	25	207	112
9	13	31.387	137	242	207	46	181	8	144	69.3
9	33	28.877	187	242	226	45	225	27	209	68.6
9	12	29.126	206	242	225	26	225	8	208	67.4
9	10	28.877	187	242	225	45	225	26	208	65.9
9	23	29.630	189	242	229	46	228	30	214	59.7
9	17	28.736	174	242	207	44	212	7	177	58.9
9	21	30.864	162	242	225	57	214	37	197	59.3
9	20	27.485	171	242	215	45	212	16	185	57.0
9	31	35.000	100	242	201	79	175	40	138	56.2
9	15	29.577	142	242	208	102	238	71	208	55.8
9	14	26.347	167	242	217	45	206	18	181	55.5
9	6	26.582	158	242	325	57	209	138	293	48.5
9	30	25.269	186	242	229	45	225	31	212	47.4
9	18	30.841	107	242	249	136	241	143	249	46.6
9	26	25.828	151	242	212	62	206	29	175	46.2
9	1	33.333	87	242	237	98	181	88	174	45.8
9	24	26.543	162	242	227	75	228	54	212	44.7
9	4	30.075	133	242	243	46	175	51	178	45.1
9	29	25.000	136	242	235	79	212	75	209	43.5
9	16	23.913	138	242	220	46	181	21	157	43.1
9	5	25.000	116	242	242	89	204	91	205	43.5
9	3	26.442	208	242	223	49	242	25	223	43.1
9	19	26.667	90	242	262	87	175	109	197	40.8
9	11	26.966	89	242	259	87	175	106	194	40.4
9	7	29.348	92	242	252	87	175	99	187	40.0
9	2	29.412	119	242	237	98	212	89	206	39.7
9	32	26.667	90	242	263	87	175	110	198	39.3
9	25	29.885	87	242	186	98	181	84	169	38.1
