1	1	100.000	287	287	287	1	287	1	287	593
1	9	45.936	283	287	285	5	287	3	285	285
10	10	100.000	321	321	321	1	321	1	321	666
10	12	48.598	321	321	322	1	321	1	320	320
11	11	100.000	318	318	318	1	318	1	318	657
11	8	40.789	304	318	321	13	315	16	319	256
11	13	37.908	306	318	322	3	307	7	312	243
11	2	35.161	310	318	325	9	317	16	325	241
11	3	33.557	298	318	323	12	307	16	313	204
12	12	100.000	322	322	322	1	322	1	322	665
12	10	48.598	321	322	321	1	320	1	321	320
13	13	100.000	322	322	322	1	322	1	322	674
13	8	45.425	306	322	321	17	322	16	321	310
13	2	40.064	312	322	325	11	322	14	325	293
13	11	37.908	306	322	318	7	312	3	307	249
13	3	34.185	313	322	323	1	312	1	313	240
14	14	100.000	282	282	282	1	282	1	282	583
14	6	40.426	282	282	288	1	280	1	282	248
2	2	100.000	325	325	325	1	325	1	325	679
2	8	42.991	321	325	321	8	325	4	321	295
2	13	39.564	321	325	322	5	325	2	322	285
2	11	34.921	315	325	318	11	325	4	317	243
2	3	29.568	301	325	323	26	325	23	323	187
3	3	100.000	323	323	323	1	323	1	323	673
3	13	34.185	313	323	322	1	313	1	312	230
3	11	33.557	298	323	318	16	313	12	307	204
3	8	32.198	323	323	321	1	323	1	321	200
3	2	29.568	301	323	325	23	323	26	325	187
4	4	100.000	302	302	302	1	302	1	302	617
4	7	62.898	283	302	317	1	275	1	283	361
4	5	51.071	280	302	321	1	276	1	274	300
5	5	100.000	321	321	321	1	321	1	321	657
5	7	57.252	262	321	317	1	262	1	262	313
5	4	51.071	280	321	302	1	274	1	276	300
6	6	100.000	288	288	288	1	288	1	288	599
6	14	40.426	282	288	282	1	282	1	280	248
7	7	100.000	317	317	317	1	317	1	317	640
7	4	62.898	283	317	302	1	283	1	275	361
7	5	57.252	262	317	321	1	262	1	262	313
8	8	100.000	321	321	321	1	321	1	321	674
8	13	45.425	306	321	322	16	321	17	322	299
8	2	43.730	311	321	325	14	321	18	325	294
8	11	40.789	304	321	318	16	319	13	315	256
8	3	32.198	323	321	323	1	321	1	323	200
9	9	100.000	285	285	285	1	285	1	285	589
9	1	45.936	283	285	287	3	285	5	287	285
