1	1	100.000	714	714	714	1	714	1	714	1494
1	4	80.474	717	714	718	1	714	1	717	1234
1	5	76.438	713	714	721	1	712	1	713	1168
1	3	74.266	715	714	719	1	711	1	712	1122
1	2	72.650	702	714	719	1	700	1	701	1096
2	2	100.000	719	719	719	1	719	1	719	1498
2	3	77.437	718	719	719	1	718	1	718	1197
2	5	76.536	716	719	721	1	716	1	716	1187
2	4	74.302	716	719	718	1	716	1	715	1130
2	1	72.129	714	719	714	1	713	1	712	1108
3	3	100.000	719	719	719	1	719	1	719	1495
3	2	77.437	718	719	719	1	718	1	718	1179
3	4	75.559	716	719	718	1	716	1	715	1164
3	5	76.257	716	719	721	1	716	1	716	1163
3	1	74.266	715	719	714	1	712	1	711	1122
4	4	100.000	718	718	718	1	718	1	718	1495
4	1	80.474	717	718	714	1	717	1	714	1234
4	5	77.374	716	718	721	1	715	1	716	1184
4	3	75.559	716	718	719	1	715	1	716	1164
4	2	74.302	716	718	719	1	715	1	716	1113
5	5	100.000	721	721	721	1	721	1	721	1496
5	4	77.374	716	721	718	1	716	1	715	1184
5	2	76.536	716	721	719	1	716	1	716	1170
5	1	76.438	713	721	714	1	713	1	712	1168
5	3	76.257	716	721	719	1	716	1	716	1163
