1	1	100.000	450	450	450	1	450	1	450	942
1	2	98.655	446	450	449	4	449	3	448	924
1	15	82.222	450	450	450	1	450	1	450	809
1	5	99.422	346	450	346	15	360	1	346	726
1	14	29.836	305	450	429	30	327	28	318	117
1	20	24.370	357	450	439	13	359	9	346	110
1	12	26.154	325	450	431	13	331	9	318	110
1	17	28.165	316	450	436	60	364	66	362	110
1	13	28.571	294	450	427	44	327	41	323	108
1	6	30.545	275	450	387	64	330	4	264	107
1	9	25.595	336	450	422	37	366	37	356	105
1	3	25.846	325	450	422	10	327	9	316	97.4
1	11	27.969	261	450	418	70	327	67	314	95.9
1	19	28.253	269	450	485	70	334	105	360	96.3
1	4	26.756	299	450	421	10	302	8	290	94.0
1	24	22.642	265	450	456	54	316	79	333	86.7
1	8	24.254	268	450	428	63	327	67	320	84.3
1	10	24.926	337	450	426	1	327	1	317	84.0
1	16	23.958	288	450	478	48	331	76	358	81.3
1	7	22.695	282	450	488	34	308	67	338	73.9
1	22	23.224	366	450	470	35	385	52	406	73.2
1	23	24.026	308	450	538	31	330	55	350	65.5
1	25	20.104	383	450	425	33	398	36	404	55.5
10	10	100.000	426	426	426	1	426	1	426	887
10	8	61.995	421	426	428	1	421	4	423	560
10	14	43.750	432	426	429	1	423	1	429	341
10	4	36.430	409	426	421	16	419	14	416	234
10	9	34.074	405	426	422	20	419	19	418	219
10	3	35.990	414	426	422	18	420	14	418	218
10	11	32.297	418	426	418	5	419	2	414	217
10	13	32.160	426	426	427	10	419	13	424	202
10	12	30.488	410	426	431	28	418	23	427	187
10	20	28.935	432	426	439	18	418	13	434	173
10	16	25.587	426	426	478	25	419	50	466	138
10	17	25.653	421	426	436	19	423	22	429	126
10	7	25.062	403	426	488	27	384	59	446	119
10	6	30.108	279	426	387	65	337	4	281	116
10	19	24.013	304	426	485	23	316	56	353	102
10	25	30.964	197	426	425	140	329	145	337	96.7
10	24	26.460	291	426	456	20	299	42	326	97.1
10	5	24.723	271	426	346	61	317	46	313	83.2
10	1	24.926	337	426	450	1	317	1	327	84.0
10	2	25.091	275	426	449	57	317	55	326	83.6
10	23	34.615	130	426	538	191	317	222	347	78.2
10	15	24.629	337	426	450	1	317	1	327	76.3
10	22	23.551	276	426	470	53	317	70	344	70.1
11	11	100.000	418	418	418	1	418	1	418	870
11	4	53.349	418	418	421	1	417	2	419	455
11	3	52.038	417	418	422	2	417	4	420	444
11	9	45.933	418	418	422	3	418	5	422	378
11	14	36.085	424	418	429	5	415	8	426	251
11	13	31.981	419	418	427	2	414	8	424	230
11	8	33.333	429	418	428	1	417	4	424	229
11	12	34.434	424	418	431	12	413	10	427	214
11	10	32.297	418	418	426	2	414	5	419	213
11	20	28.539	438	418	439	6	418	4	439	203
11	17	22.254	355	418	436	70	414	79	425	115
11	19	24.731	372	418	485	19	386	55	424	115
11	16	30.137	292	418	478	69	346	100	386	114
11	6	27.614	373	418	387	66	417	9	374	112
11	7	24.091	440	418	488	17	415	53	482	99.8
11	24	23.753	421	418	456	16	410	41	445	99.4
11	5	28.352	261	418	346	67	314	56	313	95.5
11	1	27.969	261	418	450	67	314	70	327	95.9
11	2	27.969	261	418	449	67	314	69	326	95.1
11	15	25.231	325	418	450	4	314	6	327	86.3
11	25	26.506	166	418	425	151	315	172	325	75.9
11	22	22.493	369	418	470	69	414	90	456	71.2
11	23	25.194	258	418	538	69	315	93	348	67.8
12	12	100.000	431	431	431	1	431	1	431	899
12	20	36.281	441	431	439	6	427	6	434	318
12	9	32.710	428	431	422	1	426	5	416	253
12	4	31.490	416	431	421	15	429	18	417	221
12	3	29.787	423	431	422	5	426	9	415	217
12	11	34.434	424	431	418	10	427	12	413	216
12	13	31.264	435	431	427	1	427	9	423	216
12	14	31.517	422	431	429	9	427	14	424	211
12	8	30.211	427	431	428	6	427	14	420	198
12	10	31.034	406	431	426	23	427	28	418	189
12	17	26.471	442	431	436	5	427	13	424	142
12	6	25.876	371	431	387	66	427	8	370	136
12	16	23.866	419	431	478	22	427	52	465	129
12	7	22.844	429	431	488	21	419	58	472	123
12	24	21.687	415	431	456	22	431	49	452	120
12	1	23.756	442	431	450	9	427	13	442	114
12	2	22.955	440	431	449	9	427	12	441	114
12	5	26.543	324	431	346	12	318	2	317	109
12	15	23.490	447	431	450	9	430	13	445	107
12	22	24.163	418	431	470	30	427	50	455	102
12	23	24.495	396	431	538	25	391	44	420	100
12	25	23.659	410	431	425	32	429	38	422	97.4
12	19	20.465	430	431	485	22	431	60	481	92.8
13	13	100.000	427	427	427	1	427	1	427	894
13	11	31.981	419	427	418	8	424	2	414	230
13	4	30.824	425	427	421	8	424	3	416	226
13	3	30.476	420	427	422	8	426	4	419	214
13	12	31.106	434	427	431	9	423	1	427	213
13	20	30.947	433	427	439	16	423	8	434	210
13	8	30.882	408	427	428	20	424	20	421	208
13	14	28.538	431	427	429	9	426	6	427	203
13	10	31.991	422	427	426	13	424	10	419	198
13	9	31.953	338	427	422	9	346	5	340	191
13	17	28.440	436	427	436	1	424	1	425	150
13	16	25.647	425	427	478	27	424	49	466	135
13	19	23.256	430	427	485	29	424	59	478	120
13	6	25.205	365	427	387	80	425	14	372	113
13	7	25.408	429	427	488	31	424	60	481	112
13	23	25.654	382	427	538	65	424	80	457	111
13	5	28.231	294	427	346	41	323	30	313	108
13	1	28.571	294	427	450	41	323	44	327	108
13	2	27.891	294	427	449	41	323	43	326	106
13	15	29.097	299	427	450	41	323	44	327	103
13	22	27.451	306	427	470	36	325	47	346	102
13	24	21.014	414	427	456	22	420	41	445	95.5
13	25	26.009	223	427	425	203	423	205	420	70.9
14	14	100.000	429	429	429	1	429	1	429	888
14	8	42.959	419	429	428	10	427	13	423	341
14	10	43.256	430	429	426	1	429	1	423	340
14	11	36.085	424	429	418	8	426	5	415	251
14	4	33.643	431	429	421	6	427	4	418	236
14	3	31.529	425	429	422	6	427	5	419	232
14	9	33.173	416	429	422	9	422	8	415	225
14	12	30.000	420	429	431	14	424	9	427	204
14	13	28.538	431	429	427	6	427	9	426	203
14	20	31.293	441	429	439	6	424	1	434	202
14	16	27.569	399	429	478	51	429	78	470	135
14	6	29.288	379	429	387	71	425	10	371	126
14	7	25.346	434	429	488	20	425	53	481	127
14	17	25.977	435	429	436	20	429	23	429	126
14	15	32.143	308	429	450	28	318	30	327	120
14	2	28.829	333	429	449	1	318	1	326	119
14	5	29.836	305	429	346	28	318	16	313	117
14	24	22.951	427	429	456	11	421	33	445	119
14	1	29.836	305	429	450	28	318	30	327	117
14	19	23.844	411	429	485	38	425	72	478	103
14	22	25.420	417	429	470	35	425	52	456	92.8
14	23	23.204	362	429	538	52	389	76	421	85.1
14	25	28.800	250	429	425	188	424	195	420	82.8
15	15	100.000	450	450	450	1	450	1	450	942
15	1	82.222	450	450	450	1	450	1	450	809
15	2	83.784	444	450	449	4	447	3	446	809
15	5	84.682	346	450	346	15	360	1	346	637
15	14	32.143	308	450	429	30	327	28	318	120
15	20	26.271	354	450	439	13	359	9	346	115
15	17	28.358	335	450	436	60	384	66	382	108
15	6	30.435	276	450	387	64	331	4	265	105
15	9	25.474	369	450	422	35	390	35	373	104
15	13	29.097	299	450	427	44	327	41	323	103
15	12	25.460	326	450	431	13	330	9	317	100
15	3	27.181	298	450	422	10	302	9	291	98.2
15	4	27.181	298	450	421	10	302	8	290	96.3
15	19	26.866	268	450	485	70	334	105	360	90.9
15	24	23.774	265	450	456	54	316	79	333	90.1
15	7	24.828	290	450	488	19	301	58	331	87.8
15	8	26.471	272	450	428	63	327	67	320	86.7
15	11	25.231	325	450	418	6	327	4	314	86.3
15	16	24.662	296	450	478	48	330	76	357	83.2
15	22	23.000	300	450	470	35	330	52	347	79.3
15	10	24.629	337	450	426	1	327	1	317	76.3
15	23	25.506	247	450	538	87	330	108	350	68.2
15	25	22.597	385	450	425	35	398	38	404	61.2
16	16	100.000	478	478	478	1	478	1	478	996
16	8	27.970	404	478	428	76	466	50	421	150
16	14	27.820	399	478	429	78	470	51	429	142
16	13	26.588	425	478	427	49	466	27	424	140
16	10	25.829	422	478	426	50	466	25	419	139
16	20	29.032	310	478	439	50	359	20	319	136
16	3	26.500	400	478	422	77	466	48	417	135
16	9	24.402	418	478	422	51	467	25	419	134
16	4	26.884	398	478	421	74	466	44	416	131
16	12	23.866	419	478	431	52	465	22	427	129
16	11	30.137	292	478	418	100	386	69	346	114
16	17	26.037	434	478	436	51	466	29	425	113
16	6	23.947	380	478	387	96	466	8	371	103
16	22	24.557	395	478	470	83	466	73	456	99.4
16	23	21.200	250	478	538	221	467	214	458	87.4
16	2	23.614	415	478	449	76	467	47	443	84.7
16	15	24.528	424	478	450	76	467	48	444	84.0
16	5	23.958	288	478	346	76	358	34	317	82.8
16	1	23.958	288	478	450	76	358	48	331	81.6
16	19	21.448	359	478	485	5	357	22	357	79.0
16	7	21.671	383	478	488	114	468	120	483	79.0
16	24	22.024	336	478	456	51	380	48	370	75.5
16	25	27.119	236	478	425	165	391	141	359	65.1
17	17	100.000	436	436	436	1	436	1	436	908
17	6	31.536	371	436	387	73	429	7	375	194
17	13	28.440	436	436	427	1	425	1	424	150
17	3	25.647	425	436	422	12	425	8	417	136
17	12	26.244	442	436	431	13	424	5	427	136
17	4	26.047	430	436	421	12	425	7	416	134
17	9	25.263	380	436	422	8	380	4	370	134
17	20	27.434	339	436	439	30	357	22	346	129
17	10	26.128	421	436	426	22	429	19	423	127
17	14	25.977	435	436	429	23	429	20	429	126
17	11	22.254	355	436	418	79	425	70	414	115
17	24	27.964	329	436	456	28	342	47	366	115
17	8	23.333	420	436	428	23	426	23	422	114
17	1	28.165	316	436	450	66	362	60	364	110
17	2	27.937	315	436	449	66	362	59	363	110
17	23	30.233	258	436	538	105	343	122	364	109
17	15	28.358	335	436	450	66	382	60	384	108
17	19	26.140	329	436	485	29	347	59	376	108
17	5	28.205	312	436	346	66	358	46	346	105
17	16	25.459	436	436	478	29	425	51	466	105
17	22	24.771	436	436	470	25	425	38	456	91.7
17	7	23.714	350	436	488	21	356	50	386	91.3
17	25	24.893	233	436	425	195	424	196	420	78.2
18	18	100.000	542	542	542	1	542	1	542	1125
18	21	24.576	236	542	496	265	492	182	415	70.5
19	19	100.000	485	485	485	1	485	1	485	1005
19	24	39.535	473	485	456	15	485	4	456	357
19	7	28.833	437	485	488	60	481	59	484	187
19	4	28.806	427	485	421	55	475	20	413	150
19	9	26.697	442	485	422	46	482	12	422	145
19	3	25.463	432	485	422	48	475	14	414	142
19	8	24.374	439	485	428	56	483	26	426	125
19	13	23.256	430	485	427	59	478	29	424	123
19	11	24.731	372	485	418	55	424	19	386	115
19	17	26.140	329	485	436	59	376	29	347	111
19	14	23.786	412	485	429	72	478	38	425	107
19	5	29.044	272	485	346	105	360	56	320	104
19	1	28.996	269	485	450	105	360	70	334	105
19	20	25.419	358	485	439	40	390	2	350	104
19	2	28.996	269	485	449	105	360	69	333	104
19	10	24.013	304	485	426	56	353	23	316	101
19	15	27.612	268	485	450	105	360	70	334	96.3
19	6	24.682	393	485	387	105	485	10	379	92.4
19	12	23.102	303	485	431	60	357	22	317	92.8
19	16	21.448	359	485	478	22	357	5	357	80.1
19	23	22.034	295	485	538	74	357	60	350	70.1
19	22	23.256	258	485	470	108	357	91	347	65.9
19	25	24.390	246	485	425	154	393	126	362	60.5
2	2	100.000	449	449	449	1	449	1	449	941
2	1	98.655	446	449	450	3	448	4	449	924
2	15	83.784	444	449	450	3	446	4	447	809
2	5	97.977	346	449	346	14	359	1	346	717
2	14	28.829	333	449	429	1	326	1	318	119
2	20	24.650	357	449	439	12	358	9	346	110
2	17	27.937	315	449	436	59	363	66	362	110
2	12	23.836	365	449	431	12	372	9	358	108
2	6	30.545	275	449	387	63	329	4	264	107
2	13	27.891	294	449	427	43	326	41	323	106
2	9	24.850	334	449	422	36	365	37	356	105
2	3	24.740	384	449	422	9	378	9	368	97.1
2	19	27.509	269	449	485	69	333	105	360	96.3
2	11	27.969	261	449	418	69	326	67	314	95.1
2	4	26.421	299	449	421	9	301	8	290	93.2
2	8	23.985	271	449	428	62	326	67	320	85.9
2	24	22.264	265	449	456	53	315	79	333	85.1
2	10	25.091	275	449	426	55	326	57	317	83.2
2	16	23.958	288	449	478	47	330	76	358	82.4
2	7	22.340	282	449	488	33	307	67	338	73.9
2	22	23.224	366	449	470	34	384	52	406	72.4
2	23	23.948	309	449	538	30	329	55	350	64.3
2	25	20.486	288	449	425	121	397	125	404	58.9
20	20	100.000	439	439	439	1	439	1	439	926
20	12	36.830	429	439	431	6	434	6	427	315
20	9	30.137	438	439	422	4	439	8	422	229
20	13	30.947	433	439	427	8	434	16	423	211
20	4	29.286	420	439	421	15	433	18	414	207
20	11	28.995	438	439	418	4	439	6	418	204
20	14	31.828	443	439	429	1	437	6	428	204
20	3	28.111	434	439	422	1	433	5	415	200
20	8	26.437	435	439	428	6	439	14	425	173
20	10	32.515	326	439	426	13	335	18	338	167
20	6	33.673	294	439	387	67	349	9	296	164
20	16	29.032	310	439	478	20	319	50	359	136
20	7	23.953	430	439	488	21	429	58	475	130
20	17	27.434	339	439	436	22	346	30	357	129
20	15	25.503	447	439	450	9	439	13	447	122
20	24	26.205	332	439	456	9	333	36	362	120
20	2	23.620	453	439	449	9	439	12	446	114
20	1	23.568	454	439	450	9	439	13	447	114
20	5	24.496	347	439	346	16	346	9	345	110
20	23	26.263	297	439	538	49	334	72	366	106
20	19	24.697	413	439	485	2	399	40	442	102
20	25	30.806	211	439	425	182	375	193	396	93.6
20	22	23.684	304	439	470	26	318	46	348	85.9
21	21	100.000	496	496	496	1	496	1	496	1031
21	18	24.895	237	496	542	182	415	265	492	74.3
22	22	100.000	470	470	470	1	470	1	470	980
22	23	27.674	430	470	538	35	456	34	457	208
22	13	27.451	306	470	427	47	346	36	325	102
22	12	23.671	414	470	431	50	455	30	427	99.4
22	16	27.915	283	470	478	73	348	83	358	99.0
22	6	25.722	381	470	387	91	458	13	373	92.8
22	14	25.420	417	470	429	52	456	35	425	92.8
22	17	24.771	436	470	436	38	456	25	425	91.7
22	8	20.876	388	470	428	70	456	56	421	87.0
22	20	23.684	304	470	439	46	348	26	318	85.9
22	24	22.958	453	470	456	13	457	20	448	80.9
22	15	23.000	300	470	450	52	347	35	330	79.3
22	1	23.224	366	470	450	52	406	35	385	73.2
22	2	23.224	366	470	449	52	406	34	384	72.4
22	5	23.453	307	470	346	52	348	21	317	71.2
22	11	22.493	369	470	418	90	456	69	414	71.2
22	10	23.551	276	470	426	70	344	53	317	70.1
22	7	24.638	345	470	488	55	390	71	402	69.7
22	9	20.845	355	470	422	51	394	34	377	68.6
22	4	21.561	269	470	421	77	345	57	316	60.1
22	19	22.481	258	470	485	91	347	108	357	59.7
22	25	25.434	173	470	425	222	389	203	366	58.5
22	3	19.677	371	470	422	90	459	71	420	53.1
23	23	100.000	538	538	538	1	538	1	538	1114
23	22	27.674	430	538	470	34	457	35	456	208
23	6	27.679	336	538	387	94	419	13	336	116
23	13	25.654	382	538	427	80	457	65	424	110
23	17	30.233	258	538	436	122	364	105	343	109
23	20	26.174	298	538	439	72	367	49	335	105
23	12	24.365	394	538	431	44	420	25	391	94.4
23	16	26.389	144	538	478	214	357	221	364	86.7
23	14	23.269	361	538	429	77	421	53	389	84.7
23	8	24.809	262	538	428	89	347	72	320	83.6
23	10	34.615	130	538	426	222	347	191	317	77.8
23	24	24.021	383	538	456	62	426	60	418	77.0
23	7	23.510	302	538	488	53	350	70	360	72.4
23	4	22.762	391	538	421	73	453	50	412	71.6
23	25	30.405	148	538	425	217	361	195	338	71.6
23	3	23.192	401	538	422	59	453	39	413	68.6
23	15	25.506	247	538	450	108	350	87	330	68.2
23	11	25.194	258	538	418	93	348	69	315	67.8
23	19	22.260	292	538	485	60	350	74	357	67.8
23	9	27.857	140	538	422	208	347	179	317	65.5
23	1	24.026	308	538	450	55	350	31	330	65.5
23	2	23.948	309	538	449	55	350	30	329	64.3
23	5	24.026	308	538	346	55	350	17	316	63.2
24	24	100.000	456	456	456	1	456	1	456	947
24	19	38.737	475	456	485	4	456	15	485	348
24	7	27.679	448	456	488	22	443	33	475	166
24	3	26.714	423	456	422	41	445	18	413	131
24	9	26.024	415	456	422	41	445	18	414	127
24	4	25.776	419	456	421	41	445	17	412	122
24	20	26.205	332	456	439	36	362	9	333	120
24	14	22.951	427	456	429	33	445	11	421	119
24	12	20.964	415	456	431	49	452	22	431	117
24	17	27.964	329	456	436	47	366	28	342	115
24	6	24.274	379	456	387	95	456	10	379	102
24	11	23.753	421	456	418	41	445	16	410	99.4
24	8	21.928	415	456	428	27	432	11	408	97.4
24	10	26.460	291	456	426	42	326	20	299	97.1
24	13	21.014	414	456	427	41	445	22	420	95.5
24	15	23.774	265	456	450	79	333	54	316	90.1
24	5	22.642	265	456	346	79	333	40	302	86.7
24	1	22.642	265	456	450	79	333	54	316	86.7
24	2	22.264	265	456	449	79	333	53	315	85.1
24	22	22.958	453	456	470	20	448	13	457	80.9
24	23	24.021	383	456	538	60	418	62	426	77.0
24	16	22.024	336	456	478	48	370	51	380	74.7
24	25	19.608	408	456	425	46	445	27	417	59.7
25	25	100.000	425	425	425	1	425	1	425	890
25	8	28.425	292	425	428	138	420	136	420	99.8
25	10	30.964	197	425	426	145	337	140	329	96.3
25	20	31.522	184	425	439	193	369	182	349	91.7
25	7	25.397	252	425	488	138	375	165	415	90.9
25	12	22.849	337	425	431	38	365	32	357	87.4
25	9	26.506	249	425	422	113	343	107	337	84.7
25	14	28.800	250	425	429	195	420	188	424	82.8
25	4	27.189	217	425	421	193	404	183	384	81.6
25	17	24.893	233	425	436	196	420	195	424	78.2
25	3	26.695	236	425	422	114	342	104	330	78.2
25	11	26.506	166	425	418	172	325	151	315	75.9
25	23	30.405	148	425	538	195	338	217	361	71.6
25	13	26.009	223	425	427	205	420	203	423	70.9
25	16	29.064	203	425	478	141	328	165	358	64.7
25	15	22.597	385	425	450	38	404	35	398	61.2
25	24	19.608	408	425	456	27	417	46	445	59.7
25	2	20.486	288	425	449	125	404	121	397	58.9
25	22	25.434	173	425	470	203	366	222	389	58.5
25	6	22.840	162	425	387	190	347	124	285	57.8
25	19	22.747	233	425	485	139	362	165	393	57.8
25	1	20.104	383	425	450	36	404	33	398	55.5
25	5	22.222	234	425	346	110	326	90	315	53.5
3	3	100.000	422	422	422	1	422	1	422	873
3	4	69.451	419	422	421	4	422	3	421	632
3	11	52.038	417	422	418	4	420	2	417	444
3	9	50.831	421	422	422	1	420	1	421	443
3	14	31.529	425	422	429	5	419	6	427	232
3	10	35.593	413	422	426	14	418	18	420	216
3	8	33.010	412	422	428	16	420	20	424	215
3	13	30.476	420	422	427	4	419	8	426	214
3	12	29.314	423	422	431	9	415	5	426	213
3	20	27.419	434	422	439	5	415	1	433	196
3	19	25.463	432	422	485	14	414	48	475	138
3	17	25.647	425	422	436	8	417	12	425	136
3	24	26.714	423	422	456	18	413	41	445	131
3	16	26.716	408	422	478	48	417	77	466	129
3	7	25.231	432	422	488	14	409	48	473	125
3	6	27.128	376	422	387	68	420	9	374	119
3	5	26.101	318	422	346	14	316	3	313	97.1
3	15	27.181	298	422	450	9	291	10	302	98.2
3	1	25.846	325	422	450	9	316	10	327	97.4
3	2	24.740	384	422	449	9	368	9	378	97.1
3	25	26.695	236	422	425	104	330	114	342	78.2
3	23	22.750	400	422	538	39	413	59	453	68.9
3	22	19.677	371	422	470	71	420	90	459	53.1
4	4	100.000	421	421	421	1	421	1	421	876
4	3	69.451	419	421	422	3	421	4	422	632
4	9	53.465	404	421	422	17	419	18	421	457
4	11	53.349	418	421	418	2	419	1	417	455
4	14	33.643	431	421	429	4	418	6	427	236
4	10	36.186	409	421	426	14	416	16	419	229
4	13	30.824	425	421	427	3	416	8	424	226
4	8	32.353	408	421	428	15	419	20	424	222
4	12	31.010	416	421	431	18	417	15	429	215
4	20	29.286	420	421	439	18	414	15	433	207
4	7	26.790	433	421	488	13	408	48	473	148
4	19	28.404	426	421	485	20	413	55	475	146
4	17	26.047	430	421	436	7	416	12	425	134
4	16	26.633	398	421	478	44	416	74	466	124
4	24	25.776	419	421	456	17	412	41	445	122
4	6	27.202	386	421	387	67	419	9	374	119
4	15	27.181	298	421	450	8	290	10	302	96.3
4	1	26.756	299	421	450	8	290	10	302	94.0
4	2	26.421	299	421	449	8	290	9	301	93.2
4	5	26.370	292	421	346	15	290	5	288	91.7
4	25	27.189	217	421	425	183	384	193	404	81.6
4	23	22.762	391	421	538	50	412	73	453	71.6
4	22	21.561	269	421	470	57	316	77	345	60.1
5	1	99.422	346	346	450	1	346	15	360	726
5	5	100.000	346	346	346	1	346	1	346	724
5	2	97.977	346	346	449	1	346	14	359	717
5	15	84.682	346	346	450	1	346	15	360	637
5	14	29.836	305	346	429	16	313	28	318	117
5	20	24.566	346	346	439	10	345	17	346	110
5	12	26.543	324	346	431	2	317	12	318	109
5	13	28.231	294	346	427	30	313	41	323	108
5	6	30.545	275	346	387	50	316	4	264	106
5	9	25.672	335	346	422	23	345	37	349	105
5	17	28.205	312	346	436	46	346	66	358	105
5	3	26.101	318	346	422	3	313	14	316	97.1
5	11	28.352	261	346	418	56	313	67	314	95.5
5	19	27.941	272	346	485	56	320	105	360	95.5
5	4	26.370	292	346	421	5	288	15	290	91.7
5	24	22.642	265	346	456	40	302	79	333	86.7
5	8	23.881	268	346	428	49	313	67	320	84.0
5	10	24.723	271	346	426	46	313	61	317	82.8
5	16	23.958	288	346	478	34	317	76	358	82.0
5	7	22.695	282	346	488	20	294	67	338	72.8
5	22	23.453	307	346	470	21	317	52	348	71.2
5	23	24.026	308	346	538	17	316	55	350	63.5
5	25	22.222	234	346	425	90	315	110	326	53.5
6	6	100.000	387	387	387	1	387	1	387	810
6	17	31.536	371	387	436	7	375	73	429	194
6	20	34.014	294	387	439	9	296	67	349	164
6	12	25.876	371	387	431	8	370	66	427	132
6	14	29.288	379	387	429	10	371	71	425	126
6	8	25.926	378	387	428	4	378	68	428	122
6	3	27.128	376	387	422	9	374	68	420	119
6	4	27.202	386	387	421	9	374	67	419	119
6	10	30.108	279	387	426	4	281	65	337	116
6	23	27.679	336	387	538	13	336	94	419	117
6	9	26.371	383	387	422	8	374	68	421	114
6	13	25.205	365	387	427	14	372	80	425	113
6	11	27.614	373	387	418	9	374	66	417	112
6	5	30.545	275	387	346	4	264	50	316	106
6	1	30.545	275	387	450	4	264	64	330	107
6	2	30.545	275	387	449	4	264	63	329	107
6	15	30.435	276	387	450	4	265	64	331	105
6	24	24.274	379	387	456	10	379	95	456	102
6	16	25.862	290	387	478	8	288	96	380	99.0
6	22	25.722	381	387	470	13	373	91	458	92.8
6	7	25.850	294	387	488	26	313	120	402	92.8
6	19	24.304	395	387	485	10	379	105	485	88.6
6	25	22.840	162	387	425	124	285	190	347	57.8
7	7	100.000	488	488	488	1	488	1	488	1020
7	19	28.375	437	488	485	59	484	60	481	184
7	24	27.679	448	488	456	33	475	22	443	166
7	4	26.790	433	488	421	48	473	13	408	148
7	9	31.250	304	488	422	53	354	19	314	147
7	14	25.346	434	488	429	53	481	20	425	127
7	3	25.231	432	488	422	48	473	14	409	125
7	20	23.888	427	488	439	58	475	21	429	124
7	10	27.246	334	488	426	59	377	27	337	117
7	12	22.654	437	488	431	58	480	21	427	115
7	13	25.408	429	488	427	60	481	31	424	112
7	8	24.745	392	488	428	60	446	31	386	111
7	11	24.091	440	488	418	53	482	17	415	99.8
7	6	25.850	294	488	387	120	402	26	313	92.8
7	17	23.714	350	488	436	50	386	21	356	91.3
7	25	25.397	252	488	425	165	415	138	375	90.9
7	15	24.828	290	488	450	58	331	19	301	87.8
7	16	21.799	289	488	478	120	391	114	389	74.7
7	2	22.340	282	488	449	67	338	33	307	73.9
7	1	22.695	282	488	450	67	338	34	308	73.9
7	5	22.695	282	488	346	67	338	20	294	72.8
7	23	23.510	302	488	538	70	360	53	350	72.4
7	22	24.638	345	488	470	71	402	55	390	69.7
8	8	100.000	428	428	428	1	428	1	428	895
8	10	61.758	421	428	426	4	423	1	421	551
8	14	42.959	419	428	429	13	423	10	427	341
8	11	33.333	429	428	418	4	424	1	417	229
8	4	32.353	408	428	421	20	424	15	419	222
8	3	33.010	412	428	422	20	424	16	420	215
8	9	30.189	424	428	422	6	425	2	422	213
8	13	30.882	408	428	427	20	421	20	424	208
8	12	28.638	426	428	431	14	420	6	427	188
8	20	30.606	330	428	439	14	340	6	334	173
8	16	27.970	404	428	478	50	421	76	466	143
8	6	25.926	378	428	387	68	428	4	378	122
8	19	24.424	434	428	485	26	426	56	483	122
8	17	23.333	420	428	436	23	422	23	426	114
8	7	24.745	392	428	488	31	386	60	446	111
8	25	28.425	292	428	425	136	420	138	420	99.8
8	24	21.928	415	428	456	11	408	27	432	97.4
8	22	20.876	388	428	470	56	421	70	456	87.0
8	15	26.471	272	428	450	67	320	63	327	86.7
8	2	23.985	271	428	449	67	320	62	326	85.9
8	5	23.881	268	428	346	67	320	49	313	84.0
8	1	24.254	268	428	450	67	320	63	327	84.3
8	23	24.809	262	428	538	72	320	89	347	84.0
9	9	100.000	422	422	422	1	422	1	422	879
9	4	53.465	404	422	421	18	421	17	419	457
9	3	50.831	421	422	422	1	421	1	420	443
9	11	45.933	418	422	418	5	422	3	418	378
9	12	35.057	348	422	431	5	350	1	347	241
9	14	33.173	416	422	429	8	415	9	422	225
9	20	28.995	438	422	439	8	422	4	439	222
9	10	34.074	405	422	426	19	418	20	419	218
9	8	30.189	424	422	428	2	422	6	425	213
9	13	31.953	338	422	427	5	340	9	346	191
9	7	31.250	304	422	488	19	314	53	354	147
9	19	26.697	442	422	485	12	422	46	482	142
9	17	25.263	380	422	436	4	370	8	380	134
9	24	26.024	415	422	456	18	414	41	445	127
9	16	25.513	341	422	478	25	353	51	390	127
9	6	26.371	383	422	387	68	421	8	374	114
9	5	25.672	335	422	346	37	349	23	345	105
9	2	24.850	334	422	449	37	356	36	365	105
9	1	25.595	336	422	450	37	356	37	366	105
9	15	25.474	369	422	450	35	373	35	390	104
9	25	26.506	249	422	425	107	337	113	343	84.7
9	22	20.845	355	422	470	34	377	51	394	68.6
9	23	27.857	140	422	538	179	317	208	347	65.9
