1	1	100.000	2121	2121	2121	1	2121	1	2121	4410
1	4	64.413	2130	2121	2108	1	2120	1	2107	2720
1	5	61.394	2137	2121	2121	1	2120	1	2120	2594
1	2	27.122	542	2121	844	51	562	24	521	162
1	3	25.938	640	2121	2134	1475	2066	1461	2065	146
1	3	27.990	393	2121	2134	907	1269	911	1295	105
1	3	31.792	173	2121	2134	429	586	339	510	60.8
2	2	100.000	844	844	844	1	844	1	844	1716
2	4	29.795	537	844	2108	24	521	51	557	177
2	1	27.122	542	844	2121	24	521	51	562	162
2	5	26.519	543	844	2121	20	521	48	562	160
2	3	21.078	408	844	2134	62	452	36	422	60.8
3	3	100.000	2134	2134	2134	1	2134	1	2134	4454
3	5	27.483	604	2134	2121	1487	2065	1505	2066	149
3	5	39.869	153	2134	2121	1143	1295	1118	1268	101
3	5	22.146	438	2134	2121	77	465	128	550	64.7
3	4	27.318	604	2134	2108	1487	2065	1492	2053	146
3	4	39.869	153	2134	2108	1143	1295	1105	1255	102
3	4	21.263	475	2134	2108	45	459	89	539	53.9
3	1	25.938	640	2134	2121	1461	2065	1475	2066	146
3	1	27.990	393	2134	2121	911	1295	907	1269	99.0
3	1	31.792	173	2134	2121	339	510	429	586	60.8
3	2	21.078	408	2134	844	36	422	62	452	60.8
4	4	100.000	2108	2108	2108	1	2108	1	2108	4386
4	5	81.459	2125	2108	2121	1	2108	1	2121	3430
4	1	63.863	2128	2108	2121	1	2107	1	2120	2737
4	3	25.966	1009	2108	2134	1105	2053	1143	2065	238
4	3	21.263	475	2108	2134	89	539	45	459	59.3
4	2	29.685	539	2108	844	51	557	24	521	179
5	5	100.000	2121	2121	2121	1	2121	1	2121	4413
5	4	81.459	2125	2121	2108	1	2121	1	2108	3435
5	1	60.843	2135	2121	2121	1	2120	1	2120	2611
5	3	26.065	1009	2121	2134	1118	2066	1143	2065	240
5	3	22.146	438	2121	2134	128	550	77	465	65.9
5	2	26.519	543	2121	844	48	562	20	521	168
