1	1	100.000	119	119	119	1	119	1	119	226
1	3	82.114	123	119	123	1	119	1	123	106
1	8	94.667	75	119	75	22	96	1	75	101
1	7	94.505	91	119	93	5	95	3	93	97.4
1	2	85.455	110	119	114	10	119	5	114	85.9
2	2	100.000	114	114	114	1	114	1	114	217
2	3	80.000	110	114	123	5	114	14	123	97.8
2	1	85.455	110	114	119	5	114	10	119	86.3
2	8	80.000	75	114	75	17	91	1	75	76.6
2	7	80.460	87	114	93	5	90	8	93	61.2
3	3	100.000	123	123	123	1	123	1	123	236
3	1	82.114	123	123	119	1	123	1	119	86.3
3	8	81.333	75	123	75	26	100	1	75	76.3
3	2	80.000	110	123	114	14	123	5	114	76.6
3	7	81.053	95	123	93	7	101	2	92	66.6
4	4	100.000	102	102	102	1	102	1	102	192
4	5	69.608	102	102	102	1	102	1	102	85.5
5	5	100.000	102	102	102	1	102	1	102	196
5	4	69.608	102	102	102	1	102	1	102	72.8
6	6	100.000	87	87	87	1	87	1	87	173
7	7	100.000	93	93	93	1	93	1	93	176
7	8	97.297	74	93	75	20	93	1	74	137
7	1	94.505	91	93	119	3	93	5	95	101
7	3	81.053	95	93	123	2	92	7	101	67.8
7	2	80.460	87	93	114	8	93	5	90	62.8
8	8	100.000	75	75	75	1	75	1	75	144
8	7	97.297	74	75	93	1	74	20	93	137
8	1	94.203	69	75	119	7	75	28	96	87.8
8	2	78.571	70	75	114	7	75	23	91	60.8
8	3	79.710	69	75	123	7	75	32	100	60.5
9	9	100.000	110	110	110	1	110	1	110	222
