1	1	100.000	123	123	123	1	123	1	123	253
1	12	45.055	91	123	111	1	89	1	87	77.4
1	20	47.761	67	123	120	1	67	1	67	69.3
1	10	42.647	68	123	112	1	68	1	68	67.0
1	13	48.333	60	123	108	1	60	1	59	58.2
1	9	47.059	68	123	116	1	66	1	67	57.4
1	5	34.314	102	123	103	4	105	3	103	55.8
1	22	31.858	113	123	108	1	113	1	107	53.5
1	23	35.780	109	123	110	4	111	8	110	53.5
1	18	30.909	110	123	113	4	113	8	112	52.8
1	4	38.750	80	123	110	4	83	7	81	51.2
1	2	30.000	110	123	115	4	112	8	114	50.1
1	19	33.333	102	123	103	5	105	4	103	49.7
1	8	34.211	76	123	103	4	79	3	78	48.9
1	21	35.714	84	123	103	4	87	3	85	48.1
1	11	36.842	57	123	106	4	60	3	59	48.1
1	16	42.188	64	123	110	4	66	8	71	47.8
1	15	31.461	89	123	110	4	92	7	94	46.2
1	6	42.308	52	123	119	9	60	12	63	43.5
1	14	37.879	66	123	103	4	69	3	68	43.1
1	17	35.385	65	123	114	4	68	7	71	41.6
1	7	35.088	57	123	106	4	60	3	59	38.5
1	3	59.091	22	123	108	39	60	38	59	33.1
10	10	100.000	112	112	112	1	112	1	112	231
10	11	38.462	104	112	106	4	107	3	100	69.7
10	22	35.238	105	112	108	4	108	3	105	69.7
10	12	35.849	106	112	111	1	103	1	104	69.3
10	1	42.647	68	112	123	1	68	1	68	67.0
10	18	32.407	108	112	113	4	110	8	109	67.0
10	20	43.836	73	112	120	1	71	1	73	66.6
10	23	36.111	108	112	110	4	110	8	109	63.9
10	7	35.577	104	112	106	4	107	3	100	61.6
10	13	46.667	60	112	108	4	63	3	62	61.6
10	21	40.964	83	112	103	4	83	3	85	60.8
10	2	32.075	106	112	115	4	109	8	112	60.8
10	6	50.877	57	112	119	4	60	7	63	60.5
10	17	50.000	60	112	114	4	63	7	66	60.1
10	4	40.625	64	112	110	4	67	7	70	59.3
10	14	32.727	110	112	103	4	110	3	103	57.8
10	19	31.776	107	112	103	4	110	3	103	56.2
10	8	44.262	61	112	103	4	64	3	63	55.8
10	15	44.262	61	112	110	4	64	7	67	55.1
10	5	33.645	107	112	103	4	110	3	103	54.7
10	16	40.000	60	112	110	4	63	8	67	53.9
10	9	43.860	57	112	116	4	60	3	59	51.2
10	3	38.028	71	112	108	4	74	3	72	40.4
11	11	100.000	106	106	106	1	106	1	106	216
11	7	74.528	106	106	106	1	106	1	106	150
11	14	60.784	102	106	103	1	102	1	102	136
11	19	56.436	101	106	103	1	101	1	101	119
11	5	52.941	102	106	103	1	102	1	102	113
11	21	50.980	102	106	103	1	102	1	102	102
11	8	52.475	101	106	103	1	101	1	101	91.3
11	18	40.385	104	106	113	1	99	6	105	79.0
11	15	40.816	98	106	110	3	100	7	102	72.8
11	23	38.614	101	106	110	1	99	6	105	71.6
11	22	31.776	107	106	108	1	103	1	107	71.6
11	10	38.462	104	106	112	3	100	4	107	69.7
11	12	36.697	109	106	111	3	106	4	111	67.0
11	16	49.180	61	106	110	2	62	7	67	65.1
11	6	47.273	55	106	119	6	60	10	64	60.5
11	4	42.623	61	106	110	3	63	7	67	58.9
11	13	37.000	100	106	108	1	100	1	99	58.5
11	9	31.034	116	106	116	1	106	1	116	58.2
11	3	47.222	72	106	108	1	71	1	72	57.8
11	20	45.161	62	106	120	6	63	6	64	55.8
11	2	33.945	109	106	115	3	106	8	115	55.5
11	17	40.000	70	106	114	1	70	5	74	55.1
11	1	36.842	57	106	123	3	59	4	60	48.1
12	12	100.000	111	111	111	1	111	1	111	229
12	20	55.000	60	111	120	1	60	1	60	79.0
12	1	45.055	91	111	123	1	87	1	89	77.4
12	18	41.176	102	111	113	4	104	8	102	70.1
12	10	35.849	106	111	112	1	104	1	103	69.3
12	11	36.697	109	111	106	4	111	3	106	67.0
12	23	38.235	102	111	110	4	105	8	103	66.6
12	5	36.190	105	111	103	4	107	3	102	65.9
12	2	40.000	110	111	115	4	108	8	113	62.4
12	8	45.161	62	111	103	4	65	3	64	61.2
12	13	43.333	60	111	108	1	60	1	59	59.3
12	9	43.836	73	111	116	1	69	1	68	58.5
12	15	33.673	98	111	110	4	101	7	101	58.2
12	7	32.407	108	111	106	4	111	3	106	55.5
12	19	34.653	101	111	103	6	105	5	100	54.3
12	14	35.294	102	111	103	4	104	3	96	53.5
12	21	37.097	62	111	103	4	65	3	64	52.8
12	22	39.773	88	111	108	1	87	1	85	52.4
12	3	44.286	70	111	108	1	70	1	66	51.6
12	4	46.154	65	111	110	4	66	7	70	50.8
12	6	44.444	54	111	119	7	60	10	63	49.7
12	16	36.765	68	111	110	4	71	8	75	49.3
12	17	45.614	57	111	114	4	60	7	63	47.4
13	13	100.000	108	108	108	1	108	1	108	217
13	23	51.163	86	108	110	3	88	8	91	82.4
13	19	45.000	100	108	103	1	99	1	100	79.7
13	22	45.000	100	108	108	1	98	1	100	79.3
13	14	41.000	100	108	103	1	99	1	100	73.9
13	6	55.172	58	108	119	3	60	7	64	72.8
13	5	41.000	100	108	103	1	99	1	100	72.4
13	15	39.000	100	108	110	3	101	7	104	70.9
13	21	43.564	101	108	103	1	99	1	100	70.5
13	18	51.765	85	108	113	3	87	8	90	68.9
13	4	46.465	99	108	110	3	100	7	104	68.9
13	20	51.515	66	108	120	1	65	1	66	68.6
13	2	36.275	102	108	115	3	100	8	108	67.4
13	11	37.000	100	108	106	1	99	1	100	65.5
13	10	36.275	102	108	112	3	100	4	105	63.2
13	1	34.314	102	108	123	1	94	1	97	62.8
13	8	48.387	62	108	103	1	62	1	62	62.0
13	17	53.623	69	108	114	3	71	7	75	62.4
13	7	38.000	100	108	106	1	99	1	100	61.2
13	9	52.459	61	108	116	1	59	1	59	60.1
13	12	36.275	102	108	111	1	98	1	101	59.3
13	3	46.154	65	108	108	1	65	1	65	56.2
13	16	43.939	66	108	110	3	68	8	73	52.0
14	14	100.000	103	103	103	1	103	1	103	214
14	5	66.019	103	103	103	1	103	1	103	140
14	11	60.784	102	103	106	1	102	1	102	136
14	19	61.165	103	103	103	1	103	1	103	135
14	21	66.990	103	103	103	1	103	1	103	131
14	7	69.608	102	103	106	1	102	1	102	129
14	8	66.019	103	103	103	1	103	1	103	123
14	22	41.121	107	103	108	1	103	1	104	84.0
14	6	67.273	55	103	119	6	60	10	64	80.9
14	23	39.216	102	103	110	3	103	8	109	75.9
14	18	37.755	98	103	113	1	98	6	100	75.1
14	15	38.776	98	103	110	3	100	7	102	72.0
14	13	41.000	100	103	108	1	100	1	99	69.7
14	4	42.718	103	103	110	3	103	7	109	67.4
14	2	40.187	107	103	115	3	103	8	112	65.9
14	16	40.449	89	103	110	2	90	7	94	61.6
14	20	50.820	61	103	120	3	63	4	64	58.5
14	10	32.727	110	103	112	3	103	4	110	57.8
14	3	47.222	72	103	108	1	72	1	72	57.4
14	17	45.161	62	103	114	1	62	5	66	56.6
14	12	35.294	102	103	111	3	96	4	104	53.5
14	9	38.983	59	103	116	1	59	1	59	48.1
14	1	37.879	66	103	123	3	68	4	69	43.1
15	15	100.000	110	110	110	1	110	1	110	226
15	4	53.846	104	110	110	1	103	1	104	99.4
15	22	43.564	101	110	108	7	103	3	103	83.2
15	16	54.667	75	110	110	1	74	1	75	78.2
15	23	43.478	92	110	110	6	96	7	98	77.8
15	18	40.000	105	110	113	7	110	8	108	77.0
15	19	38.947	95	110	103	9	103	5	99	76.3
15	11	40.816	98	110	106	7	102	3	100	72.8
15	6	43.011	93	110	119	1	93	1	93	72.8
15	14	38.776	98	110	103	7	102	3	100	72.0
15	5	36.082	97	110	103	7	103	3	99	70.5
15	17	45.872	109	110	114	1	103	1	107	69.7
15	2	38.532	109	110	115	5	106	6	111	69.3
15	20	45.714	70	110	120	7	76	4	73	67.4
15	8	41.558	77	110	103	7	83	3	79	66.6
15	13	51.667	60	110	108	7	66	3	62	66.2
15	7	38.776	98	110	106	7	102	3	100	62.8
15	21	35.000	80	110	103	7	86	3	82	60.8
15	12	33.673	98	110	111	7	101	4	101	58.2
15	3	42.857	70	110	108	7	76	3	72	58.2
15	10	44.262	61	110	112	7	67	4	64	55.1
15	9	35.294	68	110	116	7	73	3	70	48.9
15	1	31.461	89	110	123	7	94	4	92	46.2
16	16	100.000	110	110	110	1	110	1	110	220
16	18	52.222	90	110	113	1	90	1	88	84.7
16	15	45.872	109	110	110	1	108	1	103	84.3
16	4	53.636	110	110	110	1	109	1	105	83.2
16	2	42.982	114	110	115	1	108	1	108	76.3
16	22	43.269	104	110	108	8	109	3	103	73.6
16	23	41.176	102	110	110	1	102	1	100	71.2
16	11	40.196	102	110	106	7	108	2	96	71.2
16	14	40.449	89	110	103	7	94	2	90	68.9
16	5	40.952	105	110	103	7	110	2	100	65.1
16	19	40.000	105	110	103	7	110	2	100	63.9
16	8	39.744	78	110	103	7	83	2	79	58.5
16	21	39.241	79	110	103	7	85	2	79	57.8
16	10	30.476	105	110	112	8	110	4	107	57.8
16	7	42.045	88	110	106	7	93	2	89	55.5
16	13	43.023	86	110	108	8	93	3	88	54.7
16	12	37.647	85	110	111	8	90	4	88	54.3
16	6	47.541	61	110	119	5	65	4	64	53.9
16	9	43.860	57	110	116	8	64	3	59	52.0
16	20	42.623	61	110	120	8	68	4	64	51.6
16	17	59.677	62	110	114	8	67	7	66	50.8
16	1	40.506	79	110	123	8	85	4	81	50.1
16	3	74.074	27	110	108	43	69	38	64	47.0
17	17	100.000	114	114	114	1	114	1	114	222
17	22	56.122	98	114	108	7	100	3	99	93.6
17	15	42.991	107	114	110	1	107	1	103	90.9
17	23	48.485	99	114	110	3	100	4	98	89.7
17	18	50.909	110	114	113	3	112	4	103	88.6
17	4	53.333	75	114	110	1	71	1	75	80.5
17	6	60.317	63	114	119	1	63	1	63	80.5
17	2	46.729	107	114	115	6	107	7	108	77.0
17	13	45.455	110	114	108	7	113	3	106	74.7
17	11	37.234	94	114	106	5	98	1	94	71.6
17	10	50.000	60	114	112	7	66	4	63	71.6
17	14	37.234	94	114	103	5	98	1	94	69.3
17	20	46.774	62	114	120	7	68	4	65	67.0
17	21	39.286	84	114	103	5	88	1	83	65.9
17	16	58.462	65	114	110	4	66	5	67	65.9
17	7	36.170	94	114	106	5	98	1	94	64.7
17	5	36.538	104	114	103	5	107	1	99	62.8
17	8	44.444	63	114	103	5	67	1	63	62.4
17	19	34.951	103	114	103	5	107	1	99	61.6
17	9	42.105	57	114	116	7	63	3	59	56.6
17	3	51.667	60	114	108	7	66	3	62	53.5
17	12	45.614	57	114	111	7	63	4	60	52.0
17	1	31.707	82	114	123	7	88	4	85	51.2
18	18	100.000	113	113	113	1	113	1	113	224
18	23	71.560	109	113	110	1	109	1	109	157
18	5	39.252	107	113	103	6	109	1	103	79.3
18	21	40.816	98	113	103	6	100	1	98	79.0
18	11	40.385	104	113	106	6	105	1	99	79.0
18	4	44.144	111	113	110	1	109	1	109	77.0
18	15	40.000	105	113	110	8	108	7	110	77.0
18	8	43.038	79	113	103	6	81	1	79	75.5
18	17	64.615	65	113	114	4	68	3	67	75.5
18	19	41.121	107	113	103	6	109	1	103	75.1
18	14	37.755	98	113	103	6	100	1	98	75.1
18	22	45.263	95	113	108	8	96	3	96	74.7
18	16	53.623	69	113	110	1	69	1	69	74.3
18	2	36.667	120	113	115	1	111	1	114	70.5
18	12	41.176	102	113	111	8	102	4	104	70.1
18	7	39.796	98	113	106	6	100	1	98	69.3
18	10	32.407	108	113	112	8	109	4	110	67.0
18	6	39.823	113	113	119	5	109	4	116	65.5
18	13	53.226	62	113	108	6	67	1	62	63.5
18	3	44.554	101	113	108	8	105	3	102	61.6
18	20	36.937	111	113	120	8	108	4	113	59.7
18	9	34.483	116	113	116	8	109	3	116	55.8
18	1	30.909	110	113	123	8	112	4	113	52.8
19	19	100.000	103	103	103	1	103	1	103	213
19	5	63.107	103	103	103	1	103	1	103	140
19	14	61.165	103	103	103	1	103	1	103	135
19	21	63.107	103	103	103	1	103	1	103	122
19	11	56.436	101	103	106	1	101	1	101	119
19	8	62.136	103	103	103	1	103	1	103	112
19	7	61.386	101	103	106	1	101	1	101	111
19	22	44.231	104	103	108	1	99	1	103	84.0
19	23	42.991	107	103	110	1	103	6	109	81.3
19	15	38.947	95	103	110	5	99	9	103	76.3
19	18	41.121	107	103	113	1	103	6	109	75.1
19	13	45.000	100	103	108	1	100	1	99	73.9
19	6	35.714	112	103	119	1	103	5	116	70.1
19	2	43.023	86	103	115	3	85	8	93	69.3
19	4	40.777	103	103	110	3	103	7	109	66.2
19	20	36.449	107	103	120	3	101	4	109	60.8
19	16	47.692	65	103	110	2	66	7	71	58.5
19	10	31.776	107	103	112	3	103	4	110	56.2
19	12	34.653	101	103	111	5	100	6	105	54.3
19	17	41.935	62	103	114	1	62	5	66	50.8
19	1	33.333	102	103	123	4	103	5	105	49.7
19	9	46.032	63	103	116	1	59	1	59	46.6
19	3	39.683	63	103	108	1	63	1	63	41.6
2	2	100.000	115	115	115	1	115	1	115	231
2	22	40.000	100	115	108	8	107	3	101	72.8
2	17	55.738	61	115	114	7	67	6	66	72.4
2	23	40.517	116	115	110	1	113	1	110	70.5
2	18	36.667	120	115	113	1	114	1	111	70.5
2	16	51.316	76	115	110	1	74	1	74	69.7
2	19	43.023	86	115	103	8	93	3	85	69.3
2	15	38.532	109	115	110	6	111	5	106	69.3
2	21	45.349	86	115	103	8	93	3	85	67.8
2	6	53.226	62	115	119	4	65	3	64	68.2
2	20	49.180	61	115	120	8	68	4	64	68.2
2	4	36.607	112	115	110	6	113	5	110	67.0
2	14	40.187	107	115	103	8	112	3	103	65.9
2	8	49.231	65	115	103	8	72	3	67	64.3
2	13	36.275	102	115	108	8	108	3	100	62.8
2	12	40.000	110	115	111	8	113	4	108	62.4
2	5	50.000	64	115	103	8	71	3	66	61.6
2	10	32.075	106	115	112	8	112	4	109	60.8
2	9	45.614	57	115	116	8	64	3	59	58.9
2	7	36.000	100	115	106	8	107	3	97	58.2
2	11	33.945	109	115	106	8	115	3	106	55.5
2	3	62.162	37	115	108	31	67	26	62	50.1
2	1	30.000	110	115	123	8	114	4	112	50.1
20	20	100.000	120	120	120	1	120	1	120	250
20	12	43.750	112	120	111	1	107	1	104	86.3
20	2	41.667	96	120	115	4	96	8	103	78.6
20	1	41.667	96	120	123	1	95	1	96	77.4
20	10	40.217	92	120	112	1	87	1	90	74.3
20	15	39.091	110	120	110	4	113	7	110	73.9
20	13	43.158	95	120	108	1	95	1	93	70.9
20	19	39.252	107	120	103	4	109	3	101	67.4
20	5	36.449	107	120	103	4	110	3	102	67.4
20	18	36.937	111	120	113	4	113	8	108	65.9
20	22	39.362	94	120	108	1	91	1	93	65.5
20	4	47.761	67	120	110	4	70	7	73	65.5
20	8	50.000	62	120	103	4	65	3	64	63.9
20	14	38.318	107	120	103	4	110	3	102	62.8
20	11	39.450	109	120	106	6	110	6	102	62.8
20	23	38.462	104	120	110	4	107	8	105	62.8
20	21	39.759	83	120	103	4	86	3	85	59.3
20	17	46.774	62	120	114	4	65	7	68	58.5
20	7	34.259	108	120	106	3	110	2	102	58.2
20	9	44.118	68	120	116	1	68	1	67	58.2
20	6	49.091	55	120	119	6	60	10	63	53.9
20	16	42.623	61	120	110	4	64	8	68	52.0
20	3	38.095	63	120	108	4	66	3	65	44.3
21	21	100.000	103	103	103	1	103	1	103	212
21	5	82.524	103	103	103	1	103	1	103	176
21	8	82.524	103	103	103	1	103	1	103	144
21	14	66.990	103	103	103	1	103	1	103	142
21	19	63.107	103	103	103	1	103	1	103	141
21	11	50.980	102	103	106	1	102	1	102	112
21	7	59.804	102	103	106	1	102	1	102	109
21	23	43.925	107	103	110	1	103	6	109	87.0
21	18	40.187	107	103	113	1	103	6	109	79.7
21	22	41.573	89	103	108	1	89	1	86	74.7
21	4	54.098	61	103	110	3	63	7	67	72.4
21	6	55.932	59	103	119	1	59	5	63	71.2
21	13	43.564	101	103	108	1	100	1	99	67.8
21	15	32.990	97	103	110	3	99	7	103	67.8
21	2	45.349	86	103	115	3	85	8	93	67.0
21	10	35.455	110	103	112	3	103	4	110	63.2
21	17	44.444	63	103	114	1	63	5	67	58.5
21	20	47.541	61	103	120	3	63	4	64	58.2
21	16	42.424	66	103	110	2	67	7	72	57.0
21	12	33.333	105	103	111	3	102	4	107	57.0
21	9	43.750	64	103	116	1	63	1	64	52.8
21	3	51.562	64	103	108	1	64	1	64	52.4
21	1	35.227	88	103	123	4	90	5	92	50.4
22	22	100.000	108	108	108	1	108	1	108	218
22	14	41.121	107	108	103	1	104	1	103	84.0
22	19	44.231	104	108	103	1	103	1	99	84.0
22	15	43.564	101	108	110	3	103	7	103	83.2
22	4	60.317	63	108	110	3	65	7	69	77.4
22	23	47.872	94	108	110	3	96	8	96	77.0
22	21	40.385	104	108	103	1	98	1	103	75.9
22	18	45.263	95	108	113	3	96	8	96	74.7
22	17	66.667	63	108	114	3	65	7	69	74.3
22	13	53.521	71	108	108	1	71	1	69	73.6
22	2	40.000	100	108	115	3	101	8	107	72.8
22	5	36.792	106	108	103	1	106	1	102	72.0
22	11	31.776	107	108	106	1	107	1	103	71.6
22	6	58.621	58	108	119	3	60	7	64	70.9
22	10	35.238	105	108	112	3	105	4	108	69.7
22	7	37.383	107	108	106	1	107	1	103	69.3
22	8	50.847	59	108	103	1	59	1	59	68.6
22	16	41.346	104	108	110	3	103	8	109	67.8
22	20	44.118	68	108	120	1	67	1	68	60.1
22	9	44.068	59	108	116	1	59	1	59	55.5
22	3	45.833	72	108	108	1	72	1	71	53.5
22	1	31.858	113	108	123	1	107	1	113	53.5
22	12	39.773	88	108	111	1	85	1	87	52.4
23	23	100.000	110	110	110	1	110	1	110	221
23	18	71.560	109	110	113	1	109	1	109	157
23	4	50.000	114	110	110	1	110	1	110	95.5
23	19	42.991	107	110	103	6	109	1	103	81.3
23	21	48.193	83	110	103	8	87	3	85	80.9
23	15	43.478	92	110	110	7	98	6	96	77.8
23	22	47.872	94	110	108	8	96	3	96	77.0
23	17	59.375	64	110	114	4	67	3	66	76.3
23	14	39.216	102	110	103	8	109	3	103	75.9
23	5	39.048	105	110	103	8	109	3	103	75.5
23	13	51.163	86	110	108	8	91	3	88	74.7
23	11	38.614	101	110	106	6	105	1	99	71.6
23	6	55.000	60	110	119	5	64	4	63	71.2
23	8	42.857	77	110	103	8	81	3	79	70.5
23	2	40.517	116	110	115	1	110	1	113	70.5
23	12	38.235	102	110	111	8	103	4	105	66.6
23	16	50.746	67	110	110	1	67	1	67	66.2
23	10	36.111	108	110	112	8	109	4	110	63.9
23	7	38.835	103	110	106	6	105	1	99	63.5
23	9	47.458	59	110	116	8	66	3	61	58.9
23	20	45.902	61	110	120	8	68	4	64	57.8
23	3	41.000	100	110	108	8	105	3	102	54.7
23	1	35.780	109	110	123	8	110	4	111	53.5
3	3	100.000	108	108	108	1	108	1	108	220
3	11	41.905	105	108	106	1	103	1	100	81.6
3	14	43.878	98	108	103	1	97	1	96	80.1
3	18	44.554	101	108	113	3	102	8	105	75.1
3	23	41.000	100	108	110	3	102	8	105	71.6
3	21	45.882	85	108	103	1	84	1	85	70.9
3	5	37.864	103	108	103	1	103	1	100	70.1
3	15	41.584	101	108	110	3	99	7	103	70.1
3	2	38.614	101	108	115	3	99	8	108	70.1
3	13	40.594	101	108	108	1	99	1	100	66.2
3	22	37.500	104	108	108	1	101	1	104	65.1
3	8	39.024	82	108	103	1	82	1	79	61.6
3	9	35.780	109	108	116	1	102	1	109	61.2
3	6	51.724	58	108	119	3	60	7	64	59.3
3	7	47.126	87	108	106	1	85	1	86	58.9
3	12	39.216	102	108	111	1	97	1	101	57.4
3	4	38.000	100	108	110	3	102	7	102	56.6
3	19	34.444	90	108	103	1	89	1	90	55.5
3	10	35.238	105	108	112	3	99	4	105	54.7
3	16	46.970	66	108	110	3	66	8	71	53.5
3	17	51.667	60	108	114	3	62	7	66	50.8
3	20	38.095	63	108	120	3	65	4	66	48.1
3	1	29.091	110	108	123	1	101	1	110	43.1
4	4	100.000	110	110	110	1	110	1	110	217
4	15	54.808	104	110	110	1	104	1	103	112
4	23	51.786	112	110	110	1	110	1	110	99.0
4	5	44.660	103	110	103	7	109	3	103	81.3
4	18	48.246	114	110	113	1	109	1	109	81.3
4	16	53.636	110	110	110	1	105	1	109	80.5
4	22	48.837	86	110	108	7	92	3	87	79.7
4	14	42.718	103	110	103	7	109	3	103	76.3
4	21	46.988	83	110	103	7	85	3	85	75.5
4	19	40.777	103	110	103	7	109	3	103	75.1
4	6	58.730	63	110	119	1	63	1	63	74.7
4	8	46.753	77	110	103	7	79	3	79	71.6
4	2	36.283	113	110	115	5	110	6	113	70.9
4	17	53.333	75	110	114	1	75	1	71	69.7
4	13	55.000	60	110	108	7	66	3	62	69.3
4	20	52.459	61	110	120	7	67	4	64	65.1
4	11	38.384	99	110	106	7	105	3	96	63.5
4	10	33.645	107	110	112	7	109	4	110	63.2
4	7	38.235	102	110	106	7	108	3	102	58.2
4	12	36.792	106	110	111	7	108	4	107	55.8
4	9	48.529	68	110	116	7	72	3	70	55.5
4	1	34.259	108	110	123	7	110	4	111	54.3
4	3	44.118	68	110	108	7	74	3	70	44.3
5	5	100.000	103	103	103	1	103	1	103	210
5	21	82.524	103	103	103	1	103	1	103	154
5	8	81.553	103	103	103	1	103	1	103	147
5	14	66.019	103	103	103	1	103	1	103	140
5	19	63.107	103	103	103	1	103	1	103	140
5	11	52.941	102	103	106	1	102	1	102	113
5	7	55.882	102	103	106	1	102	1	102	105
5	18	39.252	107	103	113	1	103	6	109	79.3
5	23	39.048	105	103	110	3	103	8	109	75.5
5	22	36.792	106	103	108	1	102	1	106	72.0
5	4	54.098	61	103	110	3	63	7	67	70.5
5	15	36.082	97	103	110	3	99	7	103	70.5
5	6	54.237	59	103	119	1	59	5	63	69.3
5	12	36.190	105	103	111	3	102	4	107	65.9
5	13	41.000	100	103	108	1	100	1	99	64.3
5	2	50.000	64	103	115	3	66	8	71	61.6
5	20	48.387	62	103	120	3	64	4	65	61.6
5	16	42.857	70	103	110	2	71	7	76	58.9
5	1	34.314	102	103	123	3	103	4	105	55.8
5	10	33.645	107	103	112	3	103	4	110	54.7
5	17	41.270	63	103	114	1	63	5	67	54.7
5	9	43.478	69	103	116	1	68	1	69	54.3
5	3	43.056	72	103	108	1	72	1	72	47.8
6	6	100.000	119	119	119	1	119	1	119	239
6	14	55.814	86	119	103	10	93	6	91	93.6
6	5	40.351	114	119	103	5	116	1	103	81.3
6	19	47.778	90	119	103	5	92	1	90	80.9
6	4	51.852	81	119	110	1	81	1	81	80.9
6	15	43.011	93	119	110	1	93	1	93	79.7
6	23	42.982	114	119	110	4	116	5	109	79.3
6	22	48.780	82	119	108	10	87	6	87	77.4
6	13	55.000	60	119	108	7	66	3	62	74.7
6	8	48.101	79	119	103	5	81	1	79	74.3
6	21	45.783	83	119	103	5	87	1	83	74.3
6	17	60.606	66	119	114	1	66	1	66	74.3
6	18	41.228	114	119	113	4	116	5	109	73.6
6	2	53.846	65	119	115	3	67	4	68	72.4
6	11	35.922	103	119	106	10	112	6	99	67.8
6	10	42.045	88	119	112	7	89	4	91	63.2
6	7	42.500	80	119	106	10	89	6	85	59.7
6	20	36.792	106	119	120	10	112	6	107	58.2
6	16	46.667	75	119	110	4	77	5	79	57.8
6	3	50.746	67	119	108	7	73	3	69	53.1
6	12	31.481	108	119	111	10	115	7	107	50.1
6	9	34.177	79	119	116	10	88	6	81	48.1
6	1	34.884	86	119	123	12	96	9	94	47.4
7	7	100.000	106	106	106	1	106	1	106	220
7	11	74.528	106	106	106	1	106	1	106	170
7	14	69.608	102	106	103	1	102	1	102	149
7	19	61.386	101	106	103	1	101	1	101	127
7	5	55.882	102	106	103	1	102	1	102	123
7	21	59.804	102	106	103	1	102	1	102	115
7	8	56.436	101	106	103	1	101	1	101	102
7	18	39.796	98	106	113	1	98	6	100	79.3
7	22	37.383	107	106	108	1	103	1	107	77.4
7	23	38.835	103	106	110	1	99	6	105	73.6
7	15	38.776	98	106	110	3	100	7	102	72.0
7	10	35.577	104	106	112	3	100	4	107	68.6
7	6	42.500	80	106	119	6	85	10	89	66.6
7	13	38.000	100	106	108	1	100	1	99	63.5
7	4	47.541	61	106	110	3	63	7	67	62.4
7	16	47.619	63	106	110	2	64	7	69	62.0
7	2	36.364	99	106	115	3	96	8	106	61.6
7	12	33.019	106	106	111	3	104	4	109	60.1
7	17	44.444	63	106	114	1	63	5	67	58.2
7	3	51.471	68	106	108	1	68	1	68	55.5
7	9	33.043	115	106	116	1	102	1	115	52.8
7	20	38.571	70	106	120	3	72	4	73	52.4
7	1	35.088	57	106	123	3	59	4	60	40.8
8	8	100.000	103	103	103	1	103	1	103	210
8	5	81.553	103	103	103	1	103	1	103	177
8	21	82.524	103	103	103	1	103	1	103	154
8	14	66.019	103	103	103	1	103	1	103	140
8	19	62.136	103	103	103	1	103	1	103	139
8	11	52.475	101	103	106	1	101	1	101	112
8	7	56.436	101	103	106	1	101	1	101	103
8	18	41.121	107	103	113	1	103	6	109	82.0
8	23	40.952	105	103	110	3	103	8	109	79.0
8	15	38.144	97	103	110	3	99	7	103	75.5
8	4	46.835	79	103	110	3	81	7	81	73.2
8	22	41.284	109	103	108	1	99	1	103	70.9
8	6	55.932	59	103	119	1	59	5	63	70.9
8	12	39.423	104	103	111	3	101	4	106	68.9
8	2	44.186	86	103	115	3	85	8	93	67.0
8	20	50.000	62	103	120	3	64	4	65	62.8
8	13	41.000	100	103	108	1	100	1	99	62.0
8	1	35.955	89	103	123	3	90	4	92	57.4
8	17	44.444	63	103	114	1	63	5	67	56.6
8	16	41.429	70	103	110	2	71	7	76	56.2
8	10	44.262	61	103	112	3	63	4	64	55.5
8	9	44.615	65	103	116	1	64	1	65	55.5
8	3	41.667	72	103	108	1	72	1	72	47.8
9	9	100.000	116	116	116	1	116	1	116	235
9	23	37.719	114	116	110	3	116	8	109	67.0
9	18	38.596	114	116	113	3	116	8	109	65.9
9	11	31.034	116	116	106	1	116	1	106	60.5
9	13	52.459	61	116	108	1	59	1	59	60.5
9	1	42.391	92	116	123	1	90	1	90	60.1
9	12	43.836	73	116	111	1	68	1	69	59.3
9	22	33.333	114	116	108	1	114	1	105	58.9
9	4	38.596	114	116	110	3	116	7	109	58.9
9	2	34.211	114	116	115	3	116	8	112	58.9
9	20	43.750	80	116	120	1	79	1	74	58.2
9	8	44.615	65	116	103	1	65	1	64	56.2
9	5	35.345	116	116	103	1	116	1	103	55.5
9	15	31.776	107	116	110	3	109	7	103	54.3
9	21	43.750	64	116	103	1	64	1	63	53.5
9	7	32.174	115	116	106	1	115	1	102	53.1
9	16	43.860	57	116	110	3	59	8	64	52.0
9	14	30.172	116	116	103	1	116	1	103	52.0
9	10	33.051	118	116	112	3	116	4	110	52.0
9	3	35.780	109	116	108	1	109	1	102	50.8
9	17	42.105	57	116	114	3	59	7	63	48.5
9	19	35.833	120	116	103	1	116	1	103	47.0
9	6	38.596	57	116	119	3	59	7	63	46.6
