1	1	100.000	586	586	586	1	586	1	586	1200
1	3	36.027	594	586	577	1	586	1	576	390
1	2	37.824	579	586	588	21	586	18	587	361
1	4	23.457	486	586	554	17	487	17	479	126
2	2	100.000	588	588	588	1	588	1	588	1208
2	3	38.731	599	588	577	1	587	1	576	396
2	1	36.717	591	588	586	6	587	9	586	376
2	4	25.670	448	588	554	14	443	17	449	116
3	3	100.000	577	577	577	1	577	1	577	1178
3	1	36.242	596	577	586	1	576	1	586	394
3	2	39.041	584	577	588	19	576	18	587	390
3	4	24.494	445	577	554	15	444	17	441	120
4	4	100.000	554	554	554	1	554	1	554	1144
4	1	23.506	502	554	586	1	479	1	487	134
4	3	24.561	456	554	577	6	441	4	444	123
4	2	25.676	444	554	588	21	449	18	443	103
