1	1	100.000	202	202	202	1	202	1	202	403
1	2	63.547	203	202	200	1	201	1	199	248
1	3	57.282	206	202	205	1	202	2	204	224
1	4	56.931	202	202	205	1	199	2	202	222
1	5	62.346	162	202	205	44	202	44	205	216
2	2	100.000	200	200	200	1	200	1	200	402
2	1	63.547	203	200	202	1	199	1	201	248
2	5	61.951	205	200	205	1	200	2	205	237
2	3	58.333	204	200	205	1	200	2	204	232
2	4	58.095	210	200	205	1	199	2	204	231
3	3	100.000	205	205	205	1	205	1	205	411
3	5	65.366	205	205	205	1	204	1	205	252
3	2	58.333	204	205	200	2	204	1	200	232
3	1	57.282	206	205	202	2	204	1	202	224
3	4	52.582	213	205	205	1	201	1	202	214
4	4	100.000	205	205	205	1	205	1	205	412
4	5	61.353	207	205	205	1	202	1	202	231
4	2	58.095	210	205	200	2	204	1	199	231
4	1	56.931	202	205	202	2	202	1	199	222
4	3	52.582	213	205	205	1	202	1	201	214
5	5	100.000	205	205	205	1	205	1	205	409
5	3	65.366	205	205	205	1	205	1	204	261
5	2	61.951	205	205	200	2	205	1	200	245
5	4	61.353	207	205	205	1	202	1	202	238
5	1	54.067	209	205	202	2	205	1	202	221
