1	1	100.000	217	217	217	1	217	1	217	438
1	3	76.498	217	217	217	1	217	1	217	350
1	20	76.498	217	217	217	1	217	1	217	347
1	17	77.880	217	217	217	1	217	1	217	345
1	27	77.157	197	217	277	1	197	81	277	320
1	11	66.204	216	217	217	2	217	2	217	297
1	13	66.667	216	217	217	2	217	2	217	296
1	9	66.204	216	217	217	2	217	2	217	294
1	19	66.667	216	217	217	2	217	2	217	294
1	21	65.278	216	217	217	2	217	2	217	294
1	25	69.444	216	217	217	2	217	2	217	291
1	5	63.134	217	217	217	1	217	1	217	285
1	14	80.357	168	217	167	50	217	1	167	281
1	24	64.516	217	217	217	1	217	1	217	280
1	7	66.359	217	217	217	1	217	1	217	279
1	15	64.516	217	217	217	1	217	1	217	277
1	12	62.212	217	217	217	1	217	1	217	275
1	4	59.908	217	217	217	1	217	1	217	271
1	26	64.055	217	217	217	1	217	1	217	271
1	10	61.290	217	217	217	1	217	1	217	269
1	22	60.829	217	217	217	1	217	1	217	268
1	18	63.594	217	217	217	1	217	1	217	266
1	8	65.116	215	217	217	3	217	3	217	265
1	6	59.722	216	217	217	2	217	2	217	260
1	16	57.604	217	217	217	1	217	1	217	257
1	2	58.411	214	217	217	4	217	4	217	254
1	23	38.249	217	217	217	1	217	1	217	152
10	10	100.000	217	217	217	1	217	1	217	431
10	22	86.636	217	217	217	1	217	1	217	387
10	16	85.253	217	217	217	1	217	1	217	377
10	4	78.341	217	217	217	1	217	1	217	359
10	6	80.556	216	217	217	2	217	2	217	354
10	15	77.419	217	217	217	1	217	1	217	348
10	13	63.426	216	217	217	2	217	2	217	283
10	19	63.889	216	217	217	2	217	2	217	282
10	11	62.500	216	217	217	2	217	2	217	273
10	17	61.751	217	217	217	1	217	1	217	273
10	5	60.829	217	217	217	1	217	1	217	273
10	20	59.447	217	217	217	1	217	1	217	271
10	9	59.722	216	217	217	2	217	2	217	270
10	1	61.290	217	217	217	1	217	1	217	269
10	25	64.352	216	217	217	2	217	2	217	266
10	12	63.134	217	217	217	1	217	1	217	262
10	2	57.870	216	217	217	2	217	2	217	261
10	24	59.908	217	217	217	1	217	1	217	261
10	21	61.538	208	217	217	10	217	12	217	259
10	3	57.604	217	217	217	1	217	1	217	258
10	26	60.369	217	217	217	1	217	1	217	258
10	8	62.911	213	217	217	5	217	5	217	253
10	7	60.513	195	217	217	23	217	23	217	249
10	18	58.525	217	217	217	1	217	1	217	238
10	27	60.638	188	217	277	9	196	95	276	231
10	14	64.848	165	217	167	53	217	3	167	225
10	23	39.171	217	217	217	1	217	1	217	154
11	11	100.000	217	217	217	1	217	1	217	429
11	13	84.332	217	217	217	1	217	1	217	374
11	19	83.871	217	217	217	1	217	1	217	373
11	5	76.852	216	217	217	2	217	2	217	350
11	25	83.410	217	217	217	1	217	1	217	347
11	8	78.341	217	217	217	1	217	1	217	328
11	26	77.778	216	217	217	2	217	2	217	326
11	3	67.593	216	217	217	2	217	2	217	310
11	17	68.664	217	217	217	1	217	1	217	310
11	20	67.130	216	217	217	2	217	2	217	304
11	12	69.444	216	217	217	2	217	2	217	300
11	9	68.203	217	217	217	1	217	1	217	299
11	21	67.281	217	217	217	1	217	1	217	298
11	1	66.204	216	217	217	2	217	2	217	297
11	24	68.203	217	217	217	1	217	1	217	292
11	18	70.507	217	217	217	1	217	1	217	291
11	4	63.889	216	217	217	2	217	2	217	285
11	2	63.594	217	217	217	1	217	1	217	285
11	27	67.857	196	217	277	2	197	82	277	281
11	10	62.500	216	217	217	2	217	2	217	273
11	15	62.037	216	217	217	2	217	2	217	271
11	7	64.055	217	217	217	1	217	1	217	270
11	16	60.648	216	217	217	2	217	2	217	267
11	22	59.722	216	217	217	2	217	2	217	262
11	6	63.134	217	217	217	1	217	1	217	261
11	14	70.833	168	217	167	50	217	1	167	249
11	23	40.741	216	217	217	4	217	2	217	161
12	12	100.000	217	217	217	1	217	1	217	433
12	13	71.296	216	217	217	2	217	2	217	327
12	11	69.444	216	217	217	2	217	2	217	319
12	19	69.444	216	217	217	2	217	2	217	318
12	5	66.820	217	217	217	1	217	1	217	308
12	8	72.093	215	217	217	3	217	3	217	300
12	26	68.664	217	217	217	1	217	1	217	297
12	25	68.981	216	217	217	2	217	2	217	294
12	1	62.212	217	217	217	1	217	1	217	291
12	20	63.594	217	217	217	1	217	1	217	287
12	3	62.212	217	217	217	1	217	1	217	287
12	17	61.751	217	217	217	1	217	1	217	284
12	15	62.212	217	217	217	1	217	1	217	282
12	10	63.134	217	217	217	1	217	1	217	280
12	2	62.037	216	217	217	2	217	2	217	280
12	21	62.963	216	217	217	2	217	2	217	279
12	22	63.594	217	217	217	1	217	1	217	278
12	24	63.594	217	217	217	1	217	1	217	277
12	4	60.369	217	217	217	1	217	1	217	276
12	16	60.829	217	217	217	1	217	1	217	271
12	9	61.111	216	217	217	2	217	2	217	269
12	6	64.815	216	217	217	2	217	2	217	266
12	18	63.594	217	217	217	1	217	1	217	259
12	7	66.154	195	217	217	23	217	23	217	259
12	27	61.929	197	217	277	1	197	81	277	259
12	14	69.643	168	217	167	50	217	1	167	247
12	23	40.553	217	217	217	1	217	1	217	157
13	13	100.000	217	217	217	1	217	1	217	431
13	19	87.558	217	217	217	1	217	1	217	393
13	11	84.332	217	217	217	1	217	1	217	374
13	5	76.852	216	217	217	2	217	2	217	353
13	26	81.944	216	217	217	2	217	2	217	339
13	8	78.341	217	217	217	1	217	1	217	331
13	25	79.263	217	217	217	1	217	1	217	329
13	12	71.296	216	217	217	2	217	2	217	307
13	20	68.056	216	217	217	2	217	2	217	303
13	17	67.281	217	217	217	1	217	1	217	299
13	24	69.585	217	217	217	1	217	1	217	298
13	3	65.741	216	217	217	2	217	2	217	296
13	9	68.203	217	217	217	1	217	1	217	296
13	1	66.667	216	217	217	2	217	2	217	296
13	21	67.742	217	217	217	1	217	1	217	295
13	4	66.204	216	217	217	2	217	2	217	294
13	18	71.429	217	217	217	1	217	1	217	286
13	10	63.426	216	217	217	2	217	2	217	283
13	2	61.290	217	217	217	1	217	1	217	281
13	22	61.574	216	217	217	2	217	2	217	276
13	16	61.111	216	217	217	2	217	2	217	276
13	27	67.347	196	217	277	2	197	82	277	273
13	7	65.438	217	217	217	1	217	1	217	269
13	15	59.722	216	217	217	2	217	2	217	268
13	6	62.673	217	217	217	1	217	1	217	266
13	14	69.643	168	217	167	50	217	1	167	244
13	23	39.171	217	217	217	1	217	1	217	156
14	14	100.000	167	167	167	1	167	1	167	336
14	3	97.619	168	167	217	1	167	50	217	325
14	27	97.297	148	167	277	1	147	130	277	286
14	1	80.357	168	167	217	1	167	50	217	281
14	20	75.595	168	167	217	1	167	50	217	266
14	17	75.000	168	167	217	1	167	50	217	259
14	19	72.619	168	167	217	1	167	50	217	254
14	15	74.545	165	167	217	3	167	53	217	249
14	11	70.833	168	167	217	1	167	50	217	249
14	13	69.643	168	167	217	1	167	50	217	244
14	5	69.697	165	167	217	3	167	53	217	239
14	9	69.091	165	167	217	3	167	53	217	232
14	7	69.697	165	167	217	3	167	53	217	231
14	25	71.429	168	167	217	1	167	50	217	231
14	12	69.643	168	167	217	1	167	50	217	229
14	2	66.071	168	167	217	1	167	50	217	227
14	24	67.273	165	167	217	3	167	53	217	227
14	6	64.848	165	167	217	3	167	53	217	226
14	10	64.848	165	167	217	3	167	53	217	225
14	4	63.636	165	167	217	3	167	53	217	224
14	21	66.061	165	167	217	3	167	53	217	223
14	26	68.485	165	167	217	3	167	53	217	223
14	8	68.452	168	167	217	1	167	50	217	223
14	22	63.636	165	167	217	3	167	53	217	219
14	18	70.909	165	167	217	3	167	53	217	217
14	16	60.606	165	167	217	3	167	53	217	214
14	23	44.242	165	167	217	3	167	53	217	143
15	15	100.000	217	217	217	1	217	1	217	428
15	10	77.419	217	217	217	1	217	1	217	348
15	22	77.419	217	217	217	1	217	1	217	347
15	16	73.733	217	217	217	1	217	1	217	331
15	4	71.889	217	217	217	1	217	1	217	327
15	6	72.222	216	217	217	2	217	2	217	313
15	3	67.281	217	217	217	1	217	1	217	296
15	1	64.516	217	217	217	1	217	1	217	277
15	17	62.673	217	217	217	1	217	1	217	276
15	19	62.037	216	217	217	2	217	2	217	275
15	11	62.037	216	217	217	2	217	2	217	271
15	20	61.290	217	217	217	1	217	1	217	269
15	13	59.722	216	217	217	2	217	2	217	268
15	12	62.212	217	217	217	1	217	1	217	266
15	5	61.290	217	217	217	1	217	1	217	264
15	2	58.685	213	217	217	5	217	5	217	261
15	9	59.259	216	217	217	2	217	2	217	259
15	26	59.908	217	217	217	1	217	1	217	258
15	8	62.326	215	217	217	3	217	3	217	254
15	27	64.467	197	217	277	1	197	81	277	256
15	25	61.111	216	217	217	2	217	2	217	251
15	14	74.545	165	217	167	53	217	3	167	249
15	24	60.369	217	217	217	1	217	1	217	248
15	7	63.077	195	217	217	23	217	23	217	243
15	21	55.556	216	217	217	2	217	2	217	237
15	18	58.525	217	217	217	1	217	1	217	229
15	23	40.609	197	217	217	21	217	21	217	142
16	16	100.000	217	217	217	1	217	1	217	433
16	22	84.332	217	217	217	1	217	1	217	379
16	10	85.253	217	217	217	1	217	1	217	377
16	6	84.722	216	217	217	2	217	2	217	363
16	4	79.263	217	217	217	1	217	1	217	362
16	15	73.733	217	217	217	1	217	1	217	331
16	19	62.037	216	217	217	2	217	2	217	277
16	13	61.111	216	217	217	2	217	2	217	276
16	20	60.829	217	217	217	1	217	1	217	275
16	11	60.648	216	217	217	2	217	2	217	267
16	9	58.333	216	217	217	2	217	2	217	266
16	5	59.447	217	217	217	1	217	1	217	266
16	17	59.447	217	217	217	1	217	1	217	265
16	26	60.829	217	217	217	1	217	1	217	261
16	2	56.481	216	217	217	2	217	2	217	259
16	1	57.604	217	217	217	1	217	1	217	257
16	24	57.604	217	217	217	1	217	1	217	256
16	25	61.574	216	217	217	2	217	2	217	256
16	21	56.481	216	217	217	2	217	2	217	254
16	12	60.829	217	217	217	1	217	1	217	253
16	3	55.760	217	217	217	1	217	1	217	251
16	8	61.502	213	217	217	5	217	5	217	246
16	7	58.974	195	217	217	23	217	23	217	245
16	18	57.143	217	217	217	1	217	1	217	237
16	27	55.102	196	217	277	1	196	81	276	224
16	14	60.606	165	217	167	53	217	3	167	214
16	23	37.327	217	217	217	1	217	1	217	150
17	17	100.000	217	217	217	1	217	1	217	436
17	1	77.880	217	217	217	1	217	1	217	345
17	20	75.115	217	217	217	1	217	1	217	341
17	3	70.968	217	217	217	1	217	1	217	321
17	11	68.664	217	217	217	1	217	1	217	310
17	25	70.968	217	217	217	1	217	1	217	305
17	19	68.203	217	217	217	1	217	1	217	303
17	13	67.281	217	217	217	1	217	1	217	299
17	9	66.820	217	217	217	1	217	1	217	294
17	5	63.889	216	217	217	2	217	2	217	291
17	21	64.516	217	217	217	1	217	1	217	290
17	27	70.918	196	217	277	2	197	82	277	288
17	26	67.593	216	217	217	2	217	2	217	280
17	8	65.438	217	217	217	1	217	1	217	279
17	15	62.673	217	217	217	1	217	1	217	276
17	4	61.290	217	217	217	1	217	1	217	276
17	24	63.594	217	217	217	1	217	1	217	273
17	10	61.751	217	217	217	1	217	1	217	273
17	18	64.977	217	217	217	1	217	1	217	271
17	12	61.751	217	217	217	1	217	1	217	271
17	16	59.447	217	217	217	1	217	1	217	265
17	7	63.594	217	217	217	1	217	1	217	265
17	14	75.000	168	217	167	50	217	1	167	259
17	22	59.447	217	217	217	1	217	1	217	261
17	6	60.369	217	217	217	1	217	1	217	257
17	2	57.009	214	217	217	4	217	4	217	247
17	23	42.661	218	217	217	1	217	1	217	162
18	18	100.000	217	217	217	1	217	1	217	428
18	9	84.332	217	217	217	1	217	1	217	377
18	21	83.871	217	217	217	1	217	1	217	370
18	24	79.724	217	217	217	1	217	1	217	338
18	7	78.802	217	217	217	1	217	1	217	337
18	11	70.507	217	217	217	1	217	1	217	313
18	19	72.350	217	217	217	1	217	1	217	312
18	13	71.429	217	217	217	1	217	1	217	308
18	20	66.359	217	217	217	1	217	1	217	295
18	3	68.203	217	217	217	1	217	1	217	295
18	5	65.438	217	217	217	1	217	1	217	291
18	17	64.977	217	217	217	1	217	1	217	288
18	8	70.507	217	217	217	1	217	1	217	287
18	1	63.594	217	217	217	1	217	1	217	285
18	26	68.203	217	217	217	1	217	1	217	281
18	25	68.664	217	217	217	1	217	1	217	278
18	2	61.751	217	217	217	1	217	1	217	272
18	4	60.369	217	217	217	1	217	1	217	272
18	12	63.594	217	217	217	1	217	1	217	263
18	27	66.837	196	217	277	1	196	81	276	265
18	10	58.525	217	217	217	1	217	1	217	258
18	22	58.525	217	217	217	1	217	1	217	256
18	16	57.143	217	217	217	1	217	1	217	256
18	6	59.447	217	217	217	1	217	1	217	252
18	15	58.525	217	217	217	1	217	1	217	247
18	14	70.909	165	217	167	53	217	3	167	235
18	23	39.171	217	217	217	1	217	1	217	162
19	19	100.000	217	217	217	1	217	1	217	431
19	13	87.558	217	217	217	1	217	1	217	393
19	11	83.871	217	217	217	1	217	1	217	373
19	5	74.074	216	217	217	2	217	2	217	346
19	8	77.880	217	217	217	1	217	1	217	335
19	25	78.341	217	217	217	1	217	1	217	332
19	26	76.852	216	217	217	2	217	2	217	328
19	3	68.981	216	217	217	2	217	2	217	305
19	17	68.203	217	217	217	1	217	1	217	303
19	20	65.278	216	217	217	2	217	2	217	298
19	12	69.444	216	217	217	2	217	2	217	298
19	24	68.203	217	217	217	1	217	1	217	295
19	1	66.667	216	217	217	2	217	2	217	294
19	9	69.124	217	217	217	1	217	1	217	293
19	18	72.350	217	217	217	1	217	1	217	291
19	4	63.426	216	217	217	2	217	2	217	291
19	21	67.281	217	217	217	1	217	1	217	290
19	10	63.889	216	217	217	2	217	2	217	282
19	2	60.829	217	217	217	1	217	1	217	281
19	27	69.388	196	217	277	2	197	82	277	280
19	16	62.037	216	217	217	2	217	2	217	277
19	15	62.037	216	217	217	2	217	2	217	275
19	22	60.648	216	217	217	2	217	2	217	271
19	7	68.205	195	217	217	23	217	23	217	270
19	6	61.290	217	217	217	1	217	1	217	263
19	14	72.619	168	217	167	50	217	1	167	254
19	23	39.631	217	217	217	1	217	1	217	158
2	2	100.000	217	217	217	1	217	1	217	439
2	11	63.594	217	217	217	1	217	1	217	285
2	19	60.829	217	217	217	1	217	1	217	281
2	13	61.290	217	217	217	1	217	1	217	281
2	22	60.563	213	217	217	5	217	5	217	272
2	3	62.150	214	217	217	4	217	4	217	272
2	24	61.751	217	217	217	1	217	1	217	272
2	4	58.685	213	217	217	5	217	5	217	268
2	5	58.796	216	217	217	2	217	2	217	267
2	20	62.150	214	217	217	4	217	4	217	267
2	21	60.829	217	217	217	1	217	1	217	265
2	25	64.516	217	217	217	1	217	1	217	263
2	9	58.986	217	217	217	1	217	1	217	262
2	12	62.037	216	217	217	2	217	2	217	261
2	15	58.685	213	217	217	5	217	5	217	261
2	10	57.870	216	217	217	2	217	2	217	261
2	16	56.481	216	217	217	2	217	2	217	259
2	1	58.411	214	217	217	4	217	4	217	254
2	6	60.766	209	217	217	9	217	9	217	253
2	18	61.751	217	217	217	1	217	1	217	253
2	8	60.369	217	217	217	1	217	1	217	251
2	7	61.026	195	217	217	23	217	23	217	250
2	26	60.185	216	217	217	2	217	2	217	248
2	17	57.009	214	217	217	4	217	4	217	247
2	27	62.176	193	217	277	4	196	84	276	243
2	14	66.071	168	217	167	50	217	1	167	227
2	23	43.662	213	217	217	6	217	5	217	157
20	20	100.000	217	217	217	1	217	1	217	437
20	1	76.498	217	217	217	1	217	1	217	347
20	17	75.115	217	217	217	1	217	1	217	341
20	3	74.194	217	217	217	1	217	1	217	340
20	27	75.510	196	217	277	1	196	81	276	311
20	11	67.130	216	217	217	2	217	2	217	304
20	13	68.056	216	217	217	2	217	2	217	303
20	25	71.759	216	217	217	2	217	2	217	303
20	19	65.278	216	217	217	2	217	2	217	298
20	9	65.741	216	217	217	2	217	2	217	298
20	5	64.977	217	217	217	1	217	1	217	294
20	21	65.278	216	217	217	2	217	2	217	288
20	4	61.751	217	217	217	1	217	1	217	286
20	24	66.359	217	217	217	1	217	1	217	284
20	26	67.281	217	217	217	1	217	1	217	281
20	8	67.907	215	217	217	3	217	3	217	280
20	7	65.899	217	217	217	1	217	1	217	278
20	18	66.359	217	217	217	1	217	1	217	275
20	6	68.557	194	217	217	24	217	24	217	275
20	16	60.829	217	217	217	1	217	1	217	275
20	22	62.212	217	217	217	1	217	1	217	273
20	10	59.447	217	217	217	1	217	1	217	271
20	12	63.594	217	217	217	1	217	1	217	270
20	15	61.290	217	217	217	1	217	1	217	269
20	14	75.595	168	217	167	50	217	1	167	266
20	2	62.150	214	217	217	4	217	4	217	267
20	23	42.512	207	217	217	11	217	12	217	160
20	28	34.118	85	217	197	133	214	123	194	36.2
21	21	100.000	217	217	217	1	217	1	217	431
21	9	84.793	217	217	217	1	217	1	217	377
21	18	83.871	217	217	217	1	217	1	217	350
21	24	78.341	217	217	217	1	217	1	217	334
21	7	76.959	217	217	217	1	217	1	217	332
21	11	67.281	217	217	217	1	217	1	217	298
21	13	67.742	217	217	217	1	217	1	217	295
21	1	65.278	216	217	217	2	217	2	217	294
21	19	67.281	217	217	217	1	217	1	217	290
21	17	64.516	217	217	217	1	217	1	217	290
21	20	65.278	216	217	217	2	217	2	217	288
21	5	63.426	216	217	217	2	217	2	217	285
21	3	63.889	216	217	217	2	217	2	217	278
21	25	66.820	217	217	217	1	217	1	217	275
21	8	66.359	217	217	217	1	217	1	217	271
21	26	65.741	216	217	217	2	217	2	217	268
21	2	60.829	217	217	217	1	217	1	217	265
21	12	62.963	216	217	217	2	217	2	217	263
21	4	58.333	216	217	217	2	217	2	217	262
21	10	61.538	208	217	217	12	217	10	217	259
21	22	61.538	208	217	217	12	217	10	217	256
21	6	58.525	217	217	217	1	217	1	217	256
21	16	56.481	216	217	217	2	217	2	217	254
21	27	64.103	195	217	277	2	196	82	276	256
21	15	55.556	216	217	217	2	217	2	217	237
21	14	66.061	165	217	167	53	217	3	167	223
21	23	39.171	217	217	217	1	217	1	217	163
22	22	100.000	217	217	217	1	217	1	217	436
22	10	86.636	217	217	217	1	217	1	217	387
22	16	84.332	217	217	217	1	217	1	217	379
22	4	80.184	217	217	217	1	217	1	217	365
22	6	82.870	216	217	217	2	217	2	217	363
22	15	77.419	217	217	217	1	217	1	217	347
22	13	61.574	216	217	217	2	217	2	217	276
22	20	62.212	217	217	217	1	217	1	217	273
22	2	60.563	213	217	217	5	217	5	217	272
22	9	60.648	216	217	217	2	217	2	217	272
22	19	60.648	216	217	217	2	217	2	217	271
22	1	60.829	217	217	217	1	217	1	217	268
22	5	61.290	217	217	217	1	217	1	217	267
22	11	59.722	216	217	217	2	217	2	217	262
22	17	59.447	217	217	217	1	217	1	217	261
22	12	63.594	217	217	217	1	217	1	217	260
22	24	60.829	217	217	217	1	217	1	217	258
22	21	61.538	208	217	217	10	217	12	217	256
22	26	59.908	217	217	217	1	217	1	217	256
22	25	61.574	216	217	217	2	217	2	217	256
22	3	57.143	217	217	217	1	217	1	217	255
22	7	62.051	195	217	217	23	217	23	217	250
22	8	62.911	213	217	217	5	217	5	217	246
22	18	58.525	217	217	217	1	217	1	217	237
22	27	60.638	188	217	277	9	196	95	276	228
22	14	63.636	165	217	167	53	217	3	167	219
22	23	40.092	217	217	217	1	217	1	217	160
23	23	100.000	217	217	217	1	217	1	217	442
23	25	40.092	217	217	217	1	217	1	217	170
23	21	39.171	217	217	217	1	217	1	217	169
23	17	42.661	218	217	217	1	217	1	217	168
23	4	40.092	217	217	217	1	217	1	217	167
23	11	40.741	216	217	217	2	217	4	217	167
23	20	42.512	207	217	217	12	217	11	217	164
23	19	39.631	217	217	217	1	217	1	217	163
23	13	39.171	217	217	217	1	217	1	217	163
23	22	40.092	217	217	217	1	217	1	217	162
23	9	39.631	217	217	217	1	217	1	217	162
23	2	43.662	213	217	217	5	217	6	217	160
23	24	42.188	192	217	217	26	217	26	217	160
23	6	45.312	192	217	217	26	217	26	217	159
23	3	38.710	217	217	217	1	217	1	217	159
23	5	38.249	217	217	217	1	217	1	217	157
23	18	39.171	217	217	217	1	217	1	217	157
23	1	38.249	217	217	217	1	217	1	217	157
23	26	38.710	217	217	217	1	217	1	217	157
23	10	39.171	217	217	217	1	217	1	217	157
23	12	40.553	217	217	217	1	217	1	217	154
23	8	38.710	217	217	217	1	217	1	217	151
23	16	37.327	217	217	217	1	217	1	217	151
23	7	39.583	192	217	217	26	217	26	217	150
23	14	44.242	165	217	167	53	217	3	167	147
23	15	40.609	197	217	217	21	217	21	217	143
23	27	35.204	196	217	277	1	196	81	276	129
23	28	27.586	145	217	197	81	214	60	194	38.9
24	24	100.000	217	217	217	1	217	1	217	434
24	21	78.341	217	217	217	1	217	1	217	345
24	9	75.576	217	217	217	1	217	1	217	340
24	18	79.724	217	217	217	1	217	1	217	329
24	7	75.576	217	217	217	1	217	1	217	320
24	13	69.585	217	217	217	1	217	1	217	309
24	11	68.203	217	217	217	1	217	1	217	304
24	19	68.203	217	217	217	1	217	1	217	303
24	5	65.899	217	217	217	1	217	1	217	302
24	20	66.359	217	217	217	1	217	1	217	292
24	1	64.516	217	217	217	1	217	1	217	288
24	17	63.594	217	217	217	1	217	1	217	285
24	26	67.281	217	217	217	1	217	1	217	284
24	25	67.281	217	217	217	1	217	1	217	283
24	8	68.664	217	217	217	1	217	1	217	283
24	2	61.751	217	217	217	1	217	1	217	282
24	4	61.290	217	217	217	1	217	1	217	281
24	3	63.594	217	217	217	1	217	1	217	276
24	12	63.594	217	217	217	1	217	1	217	275
24	10	59.908	217	217	217	1	217	1	217	271
24	16	57.604	217	217	217	1	217	1	217	268
24	22	60.829	217	217	217	1	217	1	217	268
24	6	61.751	217	217	217	1	217	1	217	266
24	15	60.369	217	217	217	1	217	1	217	259
24	27	63.776	196	217	277	1	196	81	276	253
24	14	67.273	165	217	167	53	217	3	167	228
24	23	39.631	217	217	217	1	217	1	217	157
25	25	100.000	217	217	217	1	217	1	217	428
25	11	83.410	217	217	217	1	217	1	217	367
25	19	78.341	217	217	217	1	217	1	217	350
25	13	79.263	217	217	217	1	217	1	217	349
25	5	75.000	216	217	217	2	217	2	217	347
25	8	76.498	217	217	217	1	217	1	217	322
25	20	71.759	216	217	217	2	217	2	217	321
25	17	70.968	217	217	217	1	217	1	217	320
25	26	75.926	216	217	217	2	217	2	217	314
25	1	69.444	216	217	217	2	217	2	217	308
25	3	68.056	216	217	217	2	217	2	217	301
25	12	68.981	216	217	217	2	217	2	217	295
25	21	66.820	217	217	217	1	217	1	217	293
25	9	67.281	217	217	217	1	217	1	217	292
25	24	67.281	217	217	217	1	217	1	217	291
25	4	64.815	216	217	217	2	217	2	217	291
25	10	64.352	216	217	217	2	217	2	217	284
25	2	64.516	217	217	217	1	217	1	217	281
25	7	67.281	217	217	217	1	217	1	217	279
25	18	68.664	217	217	217	1	217	1	217	277
25	22	61.574	216	217	217	2	217	2	217	274
25	16	61.574	216	217	217	2	217	2	217	274
25	27	68.718	195	217	277	2	196	82	276	271
25	15	61.111	216	217	217	2	217	2	217	267
25	6	62.673	217	217	217	1	217	1	217	264
25	14	71.429	168	217	167	50	217	1	167	248
25	23	40.092	217	217	217	1	217	1	217	171
26	26	100.000	217	217	217	1	217	1	217	432
26	13	81.944	216	217	217	2	217	2	217	361
26	19	76.852	216	217	217	2	217	2	217	348
26	5	76.959	217	217	217	1	217	1	217	348
26	11	77.778	216	217	217	2	217	2	217	348
26	8	80.000	215	217	217	3	217	3	217	332
26	25	75.926	216	217	217	2	217	2	217	315
26	20	67.281	217	217	217	1	217	1	217	300
26	12	68.664	217	217	217	1	217	1	217	299
26	17	67.593	216	217	217	2	217	2	217	298
26	24	67.281	217	217	217	1	217	1	217	296
26	9	65.741	216	217	217	2	217	2	217	293
26	4	63.594	217	217	217	1	217	1	217	292
26	3	64.516	217	217	217	1	217	1	217	291
26	1	64.055	217	217	217	1	217	1	217	290
26	21	65.741	216	217	217	2	217	2	217	288
26	16	60.829	217	217	217	1	217	1	217	281
26	18	68.203	217	217	217	1	217	1	217	281
26	10	60.369	217	217	217	1	217	1	217	277
26	15	59.908	217	217	217	1	217	1	217	276
26	22	59.908	217	217	217	1	217	1	217	275
26	7	64.977	217	217	217	1	217	1	217	275
26	2	60.185	216	217	217	2	217	2	217	268
26	27	65.482	197	217	277	1	197	81	277	269
26	6	60.648	216	217	217	2	217	2	217	264
26	14	68.485	165	217	167	53	217	3	167	241
26	23	38.710	217	217	217	1	217	1	217	159
27	27	100.000	277	277	277	1	277	1	277	553
27	3	98.985	197	277	217	81	277	1	197	395
27	1	77.157	197	277	217	81	277	1	197	320
27	20	75.510	196	277	217	81	276	1	196	310
27	14	97.297	148	277	167	130	277	1	147	286
27	17	70.918	196	277	217	82	277	2	197	287
27	11	67.857	196	277	217	82	277	2	197	281
27	19	69.388	196	277	217	82	277	2	197	280
27	13	67.347	196	277	217	82	277	2	197	273
27	9	67.692	195	277	217	82	276	2	196	268
27	5	64.286	196	277	217	81	276	1	196	260
27	15	64.467	197	277	217	81	277	1	197	256
27	21	64.103	195	277	217	82	276	2	196	255
27	25	68.718	195	277	217	82	276	2	196	255
27	7	69.388	196	277	217	81	276	1	196	252
27	26	65.482	197	277	217	81	277	1	197	251
27	18	66.837	196	277	217	81	276	1	196	247
27	24	63.776	196	277	217	81	276	1	196	245
27	2	62.176	193	277	217	84	276	4	196	243
27	12	61.929	197	277	217	81	277	1	197	241
27	8	63.590	195	277	217	83	277	3	197	240
27	4	56.633	196	277	217	81	276	1	196	234
27	10	60.638	188	277	217	95	276	9	196	231
27	22	60.638	188	277	217	95	276	9	196	227
27	6	57.436	195	277	217	82	276	2	196	226
27	16	55.102	196	277	217	81	276	1	196	224
27	23	35.204	196	277	217	81	276	1	196	125
28	28	100.000	197	197	197	1	197	1	197	396
28	23	27.586	145	197	217	60	194	81	214	38.1
28	20	34.118	85	197	217	123	194	133	214	36.2
28	9	53.125	32	197	217	165	194	183	214	34.7
3	3	100.000	217	217	217	1	217	1	217	436
3	27	98.985	197	217	277	1	197	81	277	395
3	1	76.498	217	217	217	1	217	1	217	350
3	20	74.194	217	217	217	1	217	1	217	340
3	14	97.619	168	217	167	50	217	1	167	325
3	17	70.968	217	217	217	1	217	1	217	321
3	11	67.593	216	217	217	2	217	2	217	310
3	19	68.981	216	217	217	2	217	2	217	305
3	9	67.593	216	217	217	2	217	2	217	296
3	13	65.741	216	217	217	2	217	2	217	296
3	15	67.281	217	217	217	1	217	1	217	296
3	25	68.056	216	217	217	2	217	2	217	285
3	5	62.673	217	217	217	1	217	1	217	283
3	21	63.889	216	217	217	2	217	2	217	278
3	7	68.664	217	217	217	1	217	1	217	278
3	18	68.203	217	217	217	1	217	1	217	276
3	26	64.516	217	217	217	1	217	1	217	273
3	2	62.150	214	217	217	4	217	4	217	272
3	12	62.212	217	217	217	1	217	1	217	270
3	24	63.594	217	217	217	1	217	1	217	269
3	8	63.256	215	217	217	3	217	3	217	266
3	4	56.682	217	217	217	1	217	1	217	262
3	10	57.604	217	217	217	1	217	1	217	258
3	22	57.143	217	217	217	1	217	1	217	255
3	6	58.796	216	217	217	2	217	2	217	255
3	16	55.760	217	217	217	1	217	1	217	251
3	23	38.710	217	217	217	1	217	1	217	155
4	4	100.000	217	217	217	1	217	1	217	427
4	22	80.184	217	217	217	1	217	1	217	365
4	16	79.263	217	217	217	1	217	1	217	362
4	10	78.341	217	217	217	1	217	1	217	359
4	6	75.000	216	217	217	2	217	2	217	336
4	15	71.889	217	217	217	1	217	1	217	327
4	13	66.204	216	217	217	2	217	2	217	294
4	19	63.426	216	217	217	2	217	2	217	291
4	5	64.516	217	217	217	1	217	1	217	288
4	20	61.751	217	217	217	1	217	1	217	286
4	11	63.889	216	217	217	2	217	2	217	285
4	9	60.648	216	217	217	2	217	2	217	276
4	17	61.290	217	217	217	1	217	1	217	276
4	25	64.815	216	217	217	2	217	2	217	273
4	26	63.594	217	217	217	1	217	1	217	272
4	1	59.908	217	217	217	1	217	1	217	271
4	24	61.290	217	217	217	1	217	1	217	268
4	2	58.685	213	217	217	5	217	5	217	268
4	3	56.682	217	217	217	1	217	1	217	262
4	21	58.333	216	217	217	2	217	2	217	262
4	8	63.850	213	217	217	5	217	5	217	260
4	12	60.369	217	217	217	1	217	1	217	258
4	7	62.564	195	217	217	23	217	23	217	256
4	18	60.369	217	217	217	1	217	1	217	253
4	27	56.633	196	217	277	1	196	81	276	234
4	14	63.636	165	217	167	53	217	3	167	224
4	23	40.092	217	217	217	1	217	1	217	166
5	5	100.000	217	217	217	1	217	1	217	437
5	13	76.852	216	217	217	2	217	2	217	353
5	11	76.852	216	217	217	2	217	2	217	350
5	19	74.074	216	217	217	2	217	2	217	346
5	8	79.535	215	217	217	3	217	3	217	342
5	26	76.959	217	217	217	1	217	1	217	330
5	25	75.000	216	217	217	2	217	2	217	330
5	20	64.977	217	217	217	1	217	1	217	294
5	17	63.889	216	217	217	2	217	2	217	291
5	12	66.820	217	217	217	1	217	1	217	290
5	24	65.899	217	217	217	1	217	1	217	289
5	4	64.516	217	217	217	1	217	1	217	288
5	21	63.426	216	217	217	2	217	2	217	285
5	1	63.134	217	217	217	1	217	1	217	285
5	3	62.673	217	217	217	1	217	1	217	283
5	9	62.500	216	217	217	2	217	2	217	278
5	18	65.438	217	217	217	1	217	1	217	273
5	10	60.829	217	217	217	1	217	1	217	273
5	7	65.899	217	217	217	1	217	1	217	271
5	2	58.796	216	217	217	2	217	2	217	267
5	22	61.290	217	217	217	1	217	1	217	267
5	16	59.447	217	217	217	1	217	1	217	266
5	15	61.290	217	217	217	1	217	1	217	264
5	27	64.286	196	217	277	1	196	81	276	261
5	6	60.648	216	217	217	2	217	2	217	256
5	14	69.697	165	217	167	53	217	3	167	239
5	23	38.249	217	217	217	1	217	1	217	153
6	6	100.000	217	217	217	1	217	1	217	434
6	16	84.722	216	217	217	2	217	2	217	383
6	22	82.870	216	217	217	2	217	2	217	380
6	10	80.556	216	217	217	2	217	2	217	372
6	4	75.000	216	217	217	2	217	2	217	352
6	15	72.222	216	217	217	2	217	2	217	329
6	9	61.751	217	217	217	1	217	1	217	285
6	20	64.352	216	217	217	2	217	2	217	284
6	13	62.673	217	217	217	1	217	1	217	282
6	11	63.134	217	217	217	1	217	1	217	278
6	19	61.290	217	217	217	1	217	1	217	276
6	5	60.648	216	217	217	2	217	2	217	270
6	17	60.369	217	217	217	1	217	1	217	269
6	1	59.722	216	217	217	2	217	2	217	268
6	2	60.766	209	217	217	9	217	9	217	267
6	24	61.751	217	217	217	1	217	1	217	266
6	12	64.815	216	217	217	2	217	2	217	265
6	21	58.525	217	217	217	1	217	1	217	264
6	3	58.796	216	217	217	2	217	2	217	264
6	25	62.673	217	217	217	1	217	1	217	263
6	26	60.648	216	217	217	2	217	2	217	258
6	7	58.986	217	217	217	1	217	1	217	252
6	8	61.290	217	217	217	1	217	1	217	248
6	18	59.447	217	217	217	1	217	1	217	244
6	27	57.436	195	217	277	2	196	82	276	236
6	14	64.848	165	217	167	53	217	3	167	226
6	23	41.014	217	217	217	1	217	1	217	158
7	7	100.000	217	217	217	1	217	1	217	434
7	9	81.106	217	217	217	1	217	1	217	370
7	21	76.959	217	217	217	1	217	1	217	352
7	18	78.802	217	217	217	1	217	1	217	337
7	24	75.576	217	217	217	1	217	1	217	325
7	3	68.664	217	217	217	1	217	1	217	296
7	1	66.359	217	217	217	1	217	1	217	295
7	20	65.899	217	217	217	1	217	1	217	294
7	11	64.055	217	217	217	1	217	1	217	286
7	17	63.594	217	217	217	1	217	1	217	284
7	5	65.899	217	217	217	1	217	1	217	282
7	19	65.438	217	217	217	1	217	1	217	282
7	13	65.438	217	217	217	1	217	1	217	281
7	25	67.281	217	217	217	1	217	1	217	273
7	27	69.388	196	217	277	1	196	81	276	271
7	4	59.447	217	217	217	1	217	1	217	266
7	26	64.977	217	217	217	1	217	1	217	266
7	2	59.813	214	217	217	4	217	4	217	265
7	8	64.055	217	217	217	1	217	1	217	261
7	22	58.986	217	217	217	1	217	1	217	258
7	16	57.143	217	217	217	1	217	1	217	258
7	10	57.604	217	217	217	1	217	1	217	258
7	12	63.594	217	217	217	1	217	1	217	257
7	6	58.986	217	217	217	1	217	1	217	255
7	15	59.908	217	217	217	1	217	1	217	251
7	14	69.697	165	217	167	53	217	3	167	232
7	23	37.327	217	217	217	1	217	1	217	152
8	8	100.000	217	217	217	1	217	1	217	433
8	5	79.535	215	217	217	3	217	3	217	360
8	19	77.880	217	217	217	1	217	1	217	356
8	13	78.341	217	217	217	1	217	1	217	352
8	11	78.341	217	217	217	1	217	1	217	350
8	26	80.000	215	217	217	3	217	3	217	332
8	25	76.498	217	217	217	1	217	1	217	322
8	12	72.093	215	217	217	3	217	3	217	306
8	20	67.907	215	217	217	3	217	3	217	299
8	17	65.438	217	217	217	1	217	1	217	296
8	24	68.664	217	217	217	1	217	1	217	292
8	21	66.359	217	217	217	1	217	1	217	291
8	9	66.359	217	217	217	1	217	1	217	290
8	18	70.507	217	217	217	1	217	1	217	286
8	3	63.256	215	217	217	3	217	3	217	284
8	1	65.116	215	217	217	3	217	3	217	283
8	4	63.850	213	217	217	5	217	5	217	280
8	10	62.911	213	217	217	5	217	5	217	273
8	15	62.326	215	217	217	3	217	3	217	272
8	7	64.055	217	217	217	1	217	1	217	271
8	2	60.369	217	217	217	1	217	1	217	270
8	16	61.502	213	217	217	5	217	5	217	266
8	22	62.911	213	217	217	5	217	5	217	265
8	27	63.590	195	217	277	3	197	83	277	258
8	6	63.918	194	217	217	24	217	24	217	252
8	14	68.452	168	217	167	50	217	1	167	241
8	23	38.710	217	217	217	1	217	1	217	154
9	9	100.000	217	217	217	1	217	1	217	434
9	21	84.793	217	217	217	1	217	1	217	377
9	18	84.332	217	217	217	1	217	1	217	356
9	7	81.106	217	217	217	1	217	1	217	350
9	24	75.576	217	217	217	1	217	1	217	328
9	11	68.203	217	217	217	1	217	1	217	299
9	20	65.741	216	217	217	2	217	2	217	298
9	3	67.593	216	217	217	2	217	2	217	296
9	13	68.203	217	217	217	1	217	1	217	296
9	1	66.204	216	217	217	2	217	2	217	294
9	17	66.820	217	217	217	1	217	1	217	294
9	19	69.124	217	217	217	1	217	1	217	293
9	5	62.500	216	217	217	2	217	2	217	278
9	4	60.648	216	217	217	2	217	2	217	276
9	6	61.751	217	217	217	1	217	1	217	274
9	25	67.281	217	217	217	1	217	1	217	273
9	22	60.648	216	217	217	2	217	2	217	272
9	26	65.741	216	217	217	2	217	2	217	272
9	10	59.722	216	217	217	2	217	2	217	270
9	8	66.359	217	217	217	1	217	1	217	269
9	16	58.333	216	217	217	2	217	2	217	266
9	27	67.692	195	217	277	2	196	82	276	268
9	2	58.986	217	217	217	1	217	1	217	262
9	15	59.259	216	217	217	2	217	2	217	259
9	12	61.111	216	217	217	2	217	2	217	253
9	14	69.091	165	217	167	53	217	3	167	232
9	23	39.631	217	217	217	1	217	1	217	160
9	28	53.125	32	217	197	183	214	165	194	34.7
