1	1	100.000	3884	3884	3884	1	3884	1	3884	8074
1	8	81.044	3888	3884	3895	1	3884	1	3881	6641
1	6	73.302	3888	3884	3899	1	3884	1	3883	6037
1	2	72.002	3886	3884	3898	1	3880	1	3880	5944
1	5	71.128	3893	3884	3897	1	3884	1	3883	5892
1	4	51.275	3922	3884	3870	5	3884	2	3861	3970
1	7	50.981	3923	3884	3870	5	3884	2	3861	3923
1	3	39.662	1359	3884	3635	1556	2893	1286	2627	931
1	3	50.073	687	3884	3635	3191	3862	2925	3596	618
1	3	33.746	566	3884	3635	153	697	165	708	305
1	3	26.087	230	3884	3635	906	1128	782	1005	88.6
2	2	100.000	3898	3898	3898	1	3898	1	3898	8084
2	5	76.834	3898	3898	3897	1	3897	1	3896	6398
2	8	74.519	3897	3898	3895	1	3895	1	3892	6165
2	6	73.126	3896	3898	3899	1	3895	1	3894	6150
2	1	72.057	3890	3898	3884	1	3884	1	3884	5987
2	4	51.056	3929	3898	3870	7	3889	4	3866	3967
2	7	50.204	3926	3898	3870	7	3889	4	3866	3912
2	3	39.706	1360	3898	3635	1556	2893	1286	2627	922
2	3	48.326	687	3898	3635	3192	3861	2927	3596	590
2	3	31.866	659	3898	3635	64	700	84	708	316
2	3	27.039	233	3898	3635	908	1132	780	1006	84.0
3	3	100.000	3635	3635	3635	1	3635	1	3635	7521
3	5	39.631	1355	3635	3897	1286	2626	1554	2890	951
3	5	48.463	683	3635	3897	2927	3596	3191	3860	600
3	5	33.874	555	3635	3897	165	700	153	692	273
3	5	27.155	232	3635	3897	780	1005	906	1130	82.8
3	6	40.323	1364	3635	3899	1286	2626	1554	2890	951
3	6	47.619	735	3635	3899	2869	3591	3165	3855	627
3	6	32.164	684	3635	3899	60	708	41	701	292
3	6	25.909	220	3635	3899	798	1009	922	1137	82.4
3	8	39.823	1356	3635	3895	1286	2627	1553	2890	950
3	8	50.074	677	3635	3895	2927	3591	3190	3854	616
3	8	32.138	697	3635	3895	60	708	41	698	290
3	8	28.750	240	3635	3895	780	1009	905	1136	90.5
3	1	39.662	1359	3635	3884	1286	2627	1556	2893	947
3	1	50.073	687	3635	3884	2925	3596	3191	3862	635
3	1	33.922	566	3635	3884	165	708	153	697	296
3	1	26.087	230	3635	3884	782	1005	906	1128	79.7
3	4	39.294	1359	3635	3870	1286	2626	1536	2875	940
3	4	48.620	652	3635	3870	2955	3592	3197	3834	579
3	4	34.004	547	3635	3870	175	700	158	674	254
3	4	29.870	154	3635	3870	782	930	894	1038	78.2
3	7	39.323	1358	3635	3870	1286	2626	1535	2875	937
3	7	45.649	701	3635	3870	2920	3597	3153	3839	576
3	7	31.927	545	3635	3870	175	700	158	673	264
3	7	28.659	164	3635	3870	778	930	882	1036	74.3
3	2	39.706	1360	3635	3898	1286	2627	1556	2893	937
3	2	48.326	687	3635	3898	2927	3596	3192	3861	607
3	2	32.322	659	3635	3898	84	708	64	700	286
3	2	27.039	233	3635	3898	780	1006	908	1132	78.6
4	4	100.000	3870	3870	3870	1	3870	1	3870	8031
4	7	82.055	3873	3870	3870	1	3870	1	3870	6776
4	8	51.860	3924	3870	3895	3	3868	6	3888	3988
4	6	51.832	3930	3870	3899	1	3868	4	3890	3987
4	1	51.313	3923	3870	3884	2	3861	5	3884	3956
4	5	51.262	3923	3870	3897	4	3866	7	3888	3929
4	2	51.149	3916	3870	3898	4	3855	7	3878	3918
4	3	39.294	1359	3870	3635	1536	2875	1286	2626	929
4	3	48.620	652	3870	3635	3197	3834	2955	3592	561
4	3	34.004	547	3870	3635	158	674	175	700	270
4	3	29.870	154	3870	3635	894	1038	782	930	78.2
5	5	100.000	3897	3897	3897	1	3897	1	3897	8085
5	2	76.834	3898	3897	3898	1	3896	1	3897	6344
5	8	73.492	3897	3897	3895	1	3894	1	3892	6083
5	6	72.081	3897	3897	3899	1	3894	1	3894	6015
5	1	71.205	3893	3897	3884	1	3883	1	3884	5905
5	4	51.338	3925	3897	3870	7	3888	4	3866	3954
5	7	50.407	3928	3897	3870	7	3888	4	3866	3917
5	3	39.631	1355	3897	3635	1554	2890	1286	2626	937
5	3	48.463	683	3897	3635	3191	3860	2927	3596	587
5	3	33.694	555	3897	3635	153	692	165	700	288
5	3	27.155	232	3897	3635	906	1130	780	1005	83.2
6	6	100.000	3899	3899	3899	1	3899	1	3899	8091
6	8	74.063	3894	3899	3895	1	3894	1	3892	6123
6	2	73.126	3896	3899	3898	1	3894	1	3895	6072
6	1	73.251	3888	3899	3884	1	3883	1	3884	6017
6	5	72.055	3897	3899	3897	1	3894	1	3894	5985
6	4	51.730	3930	3899	3870	4	3890	1	3868	3979
6	7	50.967	3930	3899	3870	4	3890	1	3868	3963
6	3	40.323	1364	3899	3635	1554	2890	1286	2626	936
6	3	47.619	735	3899	3635	3165	3855	2869	3591	612
6	3	32.555	685	3899	3635	41	701	60	708	304
6	3	25.909	220	3899	3635	922	1137	798	1009	82.4
7	7	100.000	3870	3870	3870	1	3870	1	3870	8029
7	4	82.081	3873	3870	3870	1	3870	1	3870	6751
7	6	50.967	3930	3870	3899	1	3868	4	3890	3939
7	8	51.221	3932	3870	3895	3	3868	6	3888	3910
7	1	50.854	3923	3870	3884	2	3861	5	3884	3893
7	5	50.267	3927	3870	3897	4	3866	7	3888	3866
7	2	50.166	3915	3870	3898	4	3855	7	3878	3837
7	3	39.323	1358	3870	3635	1535	2875	1286	2626	933
7	3	45.649	701	3870	3635	3153	3839	2920	3597	563
7	3	33.008	512	3870	3635	175	673	208	700	261
7	3	22.634	243	3870	3635	887	1120	777	1009	75.1
8	8	100.000	3895	3895	3895	1	3895	1	3895	8078
8	1	81.044	3888	3895	3884	1	3881	1	3884	6660
8	6	74.063	3894	3895	3899	1	3892	1	3894	6161
8	2	74.519	3897	3895	3898	1	3892	1	3895	6119
8	5	73.415	3897	3895	3897	1	3892	1	3894	6083
8	4	51.975	3925	3895	3870	6	3888	3	3868	3998
8	7	51.411	3933	3895	3870	6	3888	3	3868	3951
8	3	39.941	1357	3895	3635	1553	2890	1286	2627	945
8	3	50.074	677	3895	3635	3190	3854	2927	3591	600
8	3	31.564	697	3895	3635	41	698	60	708	306
8	3	28.750	240	3895	3635	905	1136	780	1009	90.9
