1	1	100.000	2474	2474	2474	1	2474	1	2474	5171
1	9	71.084	2490	2474	2432	4	2474	5	2429	3668
1	3	69.868	2509	2474	2477	4	2474	3	2477	3584
1	10	67.432	2481	2474	2393	4	2474	6	2393	3396
1	7	62.168	2482	2474	2411	4	2474	6	2411	3103
1	4	59.139	2533	2474	2513	4	2474	6	2513	3012
1	6	71.062	1676	2474	2395	1	1673	1	1669	2507
1	6	73.513	706	2474	2395	1769	2474	1710	2395	1043
1	5	59.651	1663	2474	2485	1	1657	1	1658	2068
1	5	73.496	615	2474	2485	1857	2471	1873	2485	897
1	2	60.108	1662	2474	2494	1	1659	1	1653	2043
1	2	72.668	611	2474	2494	1861	2471	1884	2494	897
1	8	44.170	2633	2474	2598	4	2471	13	2598	1973
1	11	53.286	1689	2474	2415	4	1668	6	1676	1784
1	11	66.183	689	2474	2415	1790	2471	1738	2415	882
1	12	52.163	1641	2474	2331	4	1638	6	1633	1698
1	12	69.206	617	2474	2331	1855	2470	1715	2330	863
10	10	100.000	2393	2393	2393	1	2393	1	2393	4983
10	9	70.837	2438	2393	2432	6	2393	5	2429	3584
10	3	68.531	2485	2393	2477	6	2393	3	2477	3523
10	6	69.183	2411	2393	2395	6	2393	4	2395	3429
10	1	67.473	2481	2393	2474	6	2393	4	2474	3375
10	7	63.007	2441	2393	2411	1	2393	1	2411	3126
10	4	59.121	2527	2393	2513	1	2393	1	2513	2979
10	11	56.963	2456	2393	2415	1	2390	1	2415	2700
10	5	59.688	1667	2393	2485	6	1658	4	1658	2057
10	5	70.984	610	2393	2485	1781	2390	1876	2485	878
10	2	60.036	1659	2393	2494	6	1658	4	1651	2029
10	2	66.282	694	2393	2494	1710	2390	1819	2494	905
10	12	51.672	1645	2393	2331	1	1639	1	1633	1701
10	12	69.787	609	2393	2331	1782	2389	1722	2330	858
10	8	42.619	1741	2393	2598	6	1640	13	1743	1273
10	8	54.545	616	2393	2598	1779	2390	1985	2598	673
11	11	100.000	2415	2415	2415	1	2415	1	2415	5030
11	4	64.150	2530	2415	2513	1	2415	1	2510	3265
11	10	57.253	2454	2415	2393	1	2415	1	2390	2749
11	9	56.270	2472	2415	2432	6	2415	5	2426	2731
11	6	56.797	2435	2415	2395	6	2415	4	2392	2676
11	3	54.884	2498	2415	2477	6	2415	3	2474	2662
11	1	54.938	2501	2415	2474	6	2415	4	2471	2662
11	7	55.750	2452	2415	2411	1	2415	1	2408	2656
11	5	52.317	1705	2415	2485	1	1684	1	1667	1727
11	5	63.456	706	2415	2485	1729	2415	1780	2485	867
11	2	51.605	1713	2415	2494	1	1699	1	1672	1676
11	2	65.680	676	2415	2494	1741	2415	1824	2494	858
11	12	48.255	1662	2415	2331	1	1653	1	1637	1559
11	12	67.302	630	2415	2331	1788	2414	1701	2330	850
11	8	38.682	1776	2415	2598	5	1674	12	1768	1103
11	8	50.423	710	2415	2598	1717	2414	1897	2597	682
12	12	100.000	2331	2331	2331	1	2331	1	2331	4867
12	10	53.632	2409	2331	2393	1	2330	1	2389	2526
12	7	52.834	2417	2331	2411	1	2330	1	2407	2521
12	5	50.678	1695	2331	2485	5	1682	3	1673	1740
12	5	71.266	616	2331	2485	1715	2330	1870	2484	877
12	2	53.467	1644	2331	2494	5	1637	3	1636	1740
12	2	70.081	615	2331	2494	1717	2330	1880	2493	878
12	6	51.638	1648	2331	2395	5	1633	3	1639	1708
12	6	64.306	692	2331	2395	1642	2330	1712	2391	891
12	9	51.126	1643	2331	2432	5	1633	4	1641	1694
12	9	63.585	703	2331	2432	1636	2330	1733	2425	897
12	4	49.336	1731	2331	2513	1	1706	1	1718	1684
12	4	70.608	609	2331	2513	1722	2330	1902	2509	903
12	3	51.154	1646	2331	2477	4	1633	1	1637	1680
12	3	71.151	617	2331	2477	1715	2330	1858	2473	914
12	1	52.163	1641	2331	2474	6	1633	4	1638	1678
12	1	69.206	617	2331	2474	1715	2330	1855	2470	882
12	11	47.446	1703	2331	2415	1	1678	1	1686	1559
12	8	38.176	1776	2331	2598	6	1665	13	1771	1112
12	8	51.756	655	2331	2598	1685	2330	1951	2597	686
2	2	100.000	2494	2494	2494	1	2494	1	2494	5210
2	5	67.600	2537	2494	2485	1	2494	1	2485	3492
2	9	59.628	2524	2494	2432	3	2494	4	2426	2981
2	3	58.789	2543	2494	2477	3	2494	2	2474	2977
2	4	56.585	2536	2494	2513	1	2494	1	2510	2811
2	6	60.048	1672	2494	2395	1	1659	1	1666	2051
2	6	66.084	687	2494	2395	1823	2494	1716	2392	926
2	1	60.108	1662	2494	2474	1	1653	1	1659	2042
2	1	72.358	615	2494	2474	1880	2494	1857	2471	921
2	10	60.036	1659	2494	2393	4	1651	6	1658	2040
2	10	66.282	694	2494	2393	1819	2494	1710	2390	932
2	7	58.096	1723	2494	2411	4	1686	6	1719	1993
2	7	69.919	615	2494	2411	1880	2494	1795	2408	920
2	8	42.035	2624	2494	2598	4	2494	13	2598	1910
2	12	53.467	1644	2494	2331	3	1636	5	1637	1748
2	12	70.081	615	2494	2331	1880	2493	1717	2330	885
2	11	51.718	1717	2494	2415	1	1682	1	1694	1695
2	11	68.346	635	2494	2415	1864	2494	1782	2415	855
3	3	100.000	2477	2477	2477	1	2477	1	2477	5164
3	9	73.802	2504	2477	2432	2	2477	4	2429	3810
3	6	71.692	2494	2477	2395	2	2477	3	2395	3664
3	1	69.908	2509	2477	2474	3	2477	4	2474	3578
3	10	68.599	2484	2477	2393	3	2477	6	2393	3534
3	7	62.631	2486	2477	2411	3	2477	6	2411	3151
3	5	59.579	2516	2477	2485	2	2474	3	2485	2987
3	2	58.483	2558	2477	2494	2	2474	3	2494	2951
3	4	58.582	1777	2477	2513	3	1710	6	1776	2119
3	4	73.021	619	2477	2513	1861	2477	1898	2513	934
3	11	53.749	1667	2477	2415	3	1646	6	1658	1784
3	11	64.266	708	2477	2415	1768	2474	1730	2415	879
3	12	51.154	1646	2477	2331	1	1637	4	1633	1696
3	12	71.151	617	2477	2331	1858	2473	1715	2330	895
3	8	43.063	1737	2477	2598	3	1637	13	1742	1315
3	8	56.098	615	2477	2598	1865	2474	1988	2598	692
4	4	100.000	2513	2513	2513	1	2513	1	2513	5249
4	9	60.134	2531	2513	2432	6	2513	5	2429	3066
4	3	59.497	2543	2513	2477	6	2513	3	2477	3012
4	1	59.218	2533	2513	2474	6	2513	4	2474	2996
4	10	58.314	2526	2513	2393	1	2513	1	2393	2909
4	2	56.576	2547	2513	2494	1	2510	1	2494	2774
4	11	64.454	1702	2513	2415	1	1682	1	1684	2265
4	11	72.926	687	2513	2415	1826	2510	1749	2415	988
4	6	58.612	1672	2513	2395	6	1673	4	1659	2005
4	6	74.554	617	2513	2395	1898	2513	1779	2395	950
4	8	43.324	2629	2513	2598	6	2510	13	2598	1989
4	7	57.588	1667	2513	2411	1	1664	1	1647	1971
4	7	67.010	679	2513	2411	1835	2513	1758	2411	927
4	5	55.925	1713	2513	2485	1	1704	1	1686	1927
4	5	70.279	646	2513	2485	1865	2510	1851	2485	890
4	12	50.784	1658	2513	2331	1	1653	1	1633	1677
4	12	68.562	633	2513	2331	1879	2509	1698	2330	881
5	5	100.000	2485	2485	2485	1	2485	1	2485	5180
5	2	68.239	2522	2485	2494	1	2485	1	2494	3481
5	3	59.641	2505	2485	2477	3	2485	2	2474	2991
5	9	59.326	2493	2485	2432	3	2485	4	2426	2945
5	4	56.733	2547	2485	2513	1	2485	1	2510	2789
5	10	59.688	1667	2485	2393	4	1658	6	1658	2058
5	10	70.984	610	2485	2393	1876	2485	1781	2390	901
5	1	59.651	1663	2485	2474	1	1658	1	1657	2044
5	1	73.496	615	2485	2474	1873	2485	1857	2471	921
5	6	59.628	1667	2485	2395	1	1659	1	1659	2032
5	6	64.548	708	2485	2395	1779	2485	1716	2392	891
5	8	43.400	2606	2485	2598	4	2485	13	2598	1967
5	7	58.368	1667	2485	2411	4	1658	6	1658	1962
5	7	62.414	729	2485	2411	1779	2485	1693	2408	922
5	12	51.515	1650	2485	2331	3	1643	5	1637	1738
5	12	71.266	616	2485	2331	1870	2484	1715	2330	881
5	11	52.258	1705	2485	2415	1	1667	1	1684	1724
5	11	63.508	707	2485	2415	1781	2485	1730	2415	855
6	6	100.000	2395	2395	2395	1	2395	1	2395	5002
6	9	75.143	2442	2395	2432	2	2395	3	2429	3826
6	3	71.921	2493	2395	2477	3	2395	2	2477	3701
6	1	69.600	2477	2395	2474	1	2395	1	2474	3552
6	10	69.345	2414	2395	2393	4	2395	6	2393	3481
6	7	63.670	2436	2395	2411	4	2395	6	2411	3155
6	11	56.704	2439	2395	2415	4	2392	6	2415	2663
6	5	59.628	1667	2395	2485	1	1659	1	1659	2070
6	5	64.598	709	2395	2485	1716	2392	1779	2485	865
6	2	60.048	1672	2395	2494	1	1666	1	1659	2064
6	2	62.133	750	2395	2494	1668	2392	1760	2494	902
6	4	58.911	1672	2395	2513	4	1659	6	1673	2035
6	4	64.683	756	2395	2513	1682	2395	1767	2513	952
6	12	51.638	1648	2395	2331	3	1639	5	1633	1733
6	12	69.508	610	2395	2331	1783	2391	1722	2330	858
6	8	42.517	1764	2395	2598	4	1659	13	1757	1288
6	8	54.664	611	2395	2598	1783	2391	1988	2597	667
7	7	100.000	2411	2411	2411	1	2411	1	2411	5046
7	9	63.491	2446	2411	2432	6	2411	5	2429	3180
7	3	62.646	2487	2411	2477	6	2411	3	2477	3164
7	10	63.394	2434	2411	2393	1	2411	1	2393	3152
7	6	63.595	2442	2411	2395	6	2411	4	2395	3143
7	1	61.830	2481	2411	2474	6	2411	4	2474	3125
7	4	57.438	2521	2411	2513	1	2411	1	2513	2897
7	11	55.020	2470	2411	2415	1	2408	1	2415	2615
7	2	59.600	1651	2411	2494	6	1648	4	1644	1989
7	2	60.852	751	2411	2494	1659	2408	1784	2494	892
7	5	58.368	1667	2411	2485	6	1658	4	1658	1980
7	5	62.968	721	2411	2485	1693	2408	1779	2485	902
7	12	50.821	1645	2411	2331	1	1636	1	1633	1687
7	12	68.309	609	2411	2331	1800	2407	1722	2330	855
7	8	42.955	1753	2411	2598	6	1636	13	1742	1328
7	8	54.114	632	2411	2598	1782	2408	1967	2598	694
8	8	100.000	2598	2598	2598	1	2598	1	2598	5399
8	4	43.259	2633	2598	2513	13	2598	6	2510	1992
8	1	44.207	2615	2598	2474	13	2598	4	2471	1984
8	2	42.097	2632	2598	2494	13	2598	4	2494	1890
8	7	43.054	1742	2598	2411	13	1742	6	1636	1336
8	7	54.114	632	2598	2411	1967	2598	1782	2408	694
8	5	42.727	1760	2598	2485	13	1764	4	1666	1323
8	5	54.120	619	2598	2485	1980	2598	1869	2485	664
8	3	43.021	1741	2598	2477	13	1742	3	1637	1315
8	3	56.098	615	2598	2477	1988	2598	1865	2474	692
8	10	42.710	1742	2598	2393	13	1743	6	1640	1281
8	10	54.545	616	2598	2393	1985	2598	1779	2390	673
8	9	41.897	1740	2598	2432	10	1742	2	1641	1280
8	9	54.886	614	2598	2432	1988	2598	1817	2426	689
8	6	42.234	1764	2598	2395	13	1757	4	1659	1268
8	6	54.575	612	2598	2395	1988	2598	1783	2392	666
8	12	38.288	1776	2598	2331	13	1771	6	1665	1123
8	12	53.473	619	2598	2331	1987	2597	1721	2330	669
8	11	38.679	1771	2598	2415	12	1768	5	1674	1113
8	11	54.032	620	2598	2415	1980	2597	1799	2414	663
9	9	100.000	2432	2432	2432	1	2432	1	2432	5066
9	3	73.682	2504	2432	2477	4	2429	2	2477	3800
9	6	75.113	2435	2432	2395	3	2429	2	2395	3784
9	1	71.101	2488	2432	2474	5	2429	4	2474	3648
9	10	70.796	2438	2432	2393	5	2429	6	2393	3583
9	7	63.022	2442	2432	2411	5	2429	6	2411	3143
9	4	60.134	2531	2432	2513	5	2429	6	2513	3074
9	2	59.628	2524	2432	2494	4	2426	3	2494	2957
9	5	59.326	2493	2432	2485	4	2426	3	2485	2937
9	12	51.126	1643	2432	2331	4	1641	5	1633	1698
9	12	69.805	616	2432	2331	1811	2425	1716	2330	875
9	8	41.705	1736	2432	2598	2	1641	10	1742	1281
9	8	54.886	614	2432	2598	1817	2426	1988	2598	689
9	11	66.230	687	2432	2415	1765	2426	1730	2415	907
