1	1	100.000	251	251	251	1	251	1	251	518
1	13	36.508	252	251	253	1	248	1	251	163
10	10	100.000	170	170	170	1	170	1	170	352
11	11	100.000	184	184	184	1	184	1	184	377
11	8	43.787	169	184	172	1	168	1	169	145
11	25	35.000	160	184	190	2	160	9	168	109
11	14	27.215	158	184	165	5	156	2	154	66.6
11	4	26.515	132	184	180	31	155	50	179	55.1
11	5	28.667	150	184	192	9	156	51	192	53.5
11	19	21.053	152	184	155	5	155	2	153	49.7
11	21	22.330	103	184	177	54	156	54	156	34.7
12	12	100.000	234	234	234	1	234	1	234	484
12	9	52.137	234	234	233	1	234	1	233	254
13	13	100.000	253	253	253	1	253	1	253	517
13	1	36.508	252	253	251	1	251	1	248	163
13	24	25.446	224	253	262	34	251	40	246	43.5
14	14	100.000	165	165	165	1	165	1	165	342
14	5	31.579	152	165	192	5	154	41	192	89.4
14	19	34.194	155	165	155	1	155	1	155	88.2
14	25	30.872	149	165	190	5	153	15	163	82.8
14	4	24.675	154	165	180	2	153	26	179	71.2
14	11	27.215	158	165	184	2	154	5	156	66.6
14	8	27.950	161	165	172	4	163	7	166	65.1
14	16	25.243	103	165	166	53	155	56	158	41.2
14	18	23.232	99	165	171	43	141	40	138	34.3
15	15	100.000	283	283	283	1	283	1	283	590
15	2	43.981	216	283	276	1	216	1	216	213
15	23	37.153	288	283	283	1	273	1	283	201
15	6	36.052	233	283	269	1	224	1	232	161
15	17	39.698	199	283	276	3	198	7	204	160
16	16	100.000	166	166	166	1	166	1	166	348
16	21	34.132	167	166	177	6	166	5	167	115
16	18	34.146	164	166	171	7	163	2	164	94.7
16	20	29.299	157	166	171	1	157	1	157	93.6
16	14	25.243	103	166	165	56	158	53	155	41.2
17	17	100.000	276	276	276	1	276	1	276	568
17	6	45.500	200	276	269	7	206	3	201	197
17	23	37.743	257	276	283	5	245	1	255	184
17	2	36.957	230	276	276	5	226	1	219	171
17	15	39.698	199	276	283	7	204	3	198	160
18	18	100.000	171	171	171	1	171	1	171	352
18	21	49.383	162	171	177	1	161	5	166	172
18	20	37.342	158	171	171	1	157	6	163	127
18	16	34.146	164	171	166	2	164	7	163	94.7
18	14	23.232	99	171	165	40	138	43	141	34.3
19	19	100.000	155	155	155	1	155	1	155	320
19	14	34.194	155	155	165	1	155	1	155	88.2
19	5	29.801	151	155	192	5	153	41	191	83.6
19	25	29.032	155	155	190	2	153	12	163	75.5
19	4	25.325	154	155	180	2	153	26	179	67.0
19	8	23.529	153	155	172	2	153	5	156	53.9
19	11	21.053	152	155	184	2	153	5	155	49.7
2	2	100.000	276	276	276	1	276	1	276	571
2	23	55.392	204	276	283	1	204	1	204	258
2	15	43.981	216	276	283	1	216	1	216	213
2	6	35.357	280	276	269	1	276	1	262	187
2	17	37.021	235	276	276	1	224	5	231	171
20	20	100.000	171	171	171	1	171	1	171	353
20	21	46.988	166	171	177	6	171	5	166	159
20	18	37.342	158	171	171	6	163	1	157	127
20	16	29.299	157	171	166	1	157	1	157	93.6
20	8	22.941	170	171	172	1	167	1	167	40.0
21	21	100.000	177	177	177	1	177	1	177	361
21	18	49.383	162	177	171	5	166	1	161	172
21	20	46.988	166	177	171	5	166	6	171	159
21	16	34.132	167	177	166	5	167	6	166	115
21	11	22.330	103	177	184	54	156	54	156	34.7
22	22	100.000	256	256	256	1	256	1	256	531
23	23	100.000	283	283	283	1	283	1	283	590
23	2	46.619	281	283	276	1	279	1	276	259
23	15	37.153	288	283	283	1	283	1	273	203
23	17	37.407	270	283	276	1	268	5	267	189
23	6	38.119	202	283	269	1	200	1	201	169
24	24	100.000	262	262	262	1	262	1	262	541
24	13	25.446	224	262	253	40	246	34	251	43.5
25	25	100.000	190	190	190	1	190	1	190	384
25	8	49.367	158	190	172	11	168	4	161	162
25	11	35.000	160	190	184	9	168	2	160	109
25	14	30.872	149	190	165	15	163	5	153	82.8
25	19	29.032	155	190	155	12	163	2	153	75.5
25	5	21.935	155	190	192	11	163	37	191	59.3
25	4	36.782	87	190	180	79	164	95	180	53.9
3	3	100.000	214	214	214	1	214	1	214	432
4	4	100.000	180	180	180	1	180	1	180	370
4	5	38.012	171	180	192	9	179	23	191	130
4	14	24.675	154	180	165	26	179	2	153	71.2
4	19	25.325	154	180	155	26	179	2	153	67.0
4	8	32.743	113	180	172	68	179	47	156	60.8
4	11	26.515	132	180	184	50	179	31	155	55.1
4	25	36.782	87	180	190	95	180	79	164	53.9
5	5	100.000	192	192	192	1	192	1	192	401
5	4	38.012	171	192	180	23	191	9	179	130
5	14	31.579	152	192	165	41	192	5	154	89.4
5	19	29.801	151	192	155	41	191	5	153	83.6
5	8	24.224	161	192	172	34	192	1	157	61.6
5	25	21.935	155	192	190	37	191	11	163	59.3
5	11	28.667	150	192	184	51	192	9	156	53.5
6	6	100.000	269	269	269	1	269	1	269	558
6	17	45.500	200	269	276	3	201	7	206	197
6	2	39.423	208	269	276	1	206	1	205	184
6	23	36.652	221	269	283	1	217	1	219	169
6	15	36.052	233	269	283	1	232	1	224	161
7	7	100.000	186	186	186	1	186	1	186	384
8	8	100.000	172	172	172	1	172	1	172	345
8	25	49.367	158	172	190	4	161	11	168	162
8	11	43.787	169	172	184	1	169	1	168	145
8	14	27.950	161	172	165	7	166	4	163	65.1
8	5	24.224	161	172	192	1	157	34	192	61.6
8	4	32.743	113	172	180	47	156	68	179	60.8
8	19	23.529	153	172	155	5	156	2	153	53.9
8	20	22.941	170	172	171	1	167	1	167	40.0
9	9	100.000	233	233	233	1	233	1	233	479
9	12	52.137	234	233	234	1	233	1	234	254
