1	1	100.000	61	61	61	1	61	1	61	122
1	9	42.623	61	61	60	1	61	1	60	52.4
1	6	43.860	57	61	60	1	57	1	57	48.1
1	3	52.000	50	61	56	2	51	2	48	46.6
1	4	52.000	50	61	57	9	56	9	55	46.6
1	8	49.180	61	61	61	1	61	1	61	46.2
1	2	43.333	60	61	55	2	61	2	55	44.3
1	5	41.667	60	61	55	2	61	2	55	39.7
1	7	33.333	51	61	68	3	53	4	52	29.3
2	2	100.000	55	55	55	1	55	1	55	114
2	5	70.909	55	55	55	1	55	1	55	87.4
2	3	54.167	48	55	56	1	45	1	48	54.3
2	4	54.167	48	55	57	5	48	5	52	51.2
2	1	43.333	60	55	61	2	55	2	61	44.3
2	9	44.000	50	55	60	2	46	2	50	43.5
2	8	53.333	30	55	61	2	31	2	31	42.4
2	7	33.333	51	55	68	1	47	2	52	33.5
2	6	42.857	21	55	60	2	22	2	22	29.6
3	3	100.000	56	56	56	1	56	1	56	114
3	4	57.895	57	56	57	1	56	1	57	66.6
3	2	56.863	51	56	55	1	51	1	48	60.8
3	5	56.000	50	56	55	1	50	1	47	57.8
3	1	52.000	50	56	61	2	48	2	51	47.0
3	9	46.667	45	56	60	5	47	5	49	43.5
3	8	51.852	27	56	61	5	31	5	31	38.5
3	7	34.043	47	56	68	5	50	6	52	29.6
3	6	35.714	42	56	60	5	45	5	46	28.9
4	4	100.000	57	57	57	1	57	1	57	115
4	3	57.143	49	57	56	1	49	1	48	57.4
4	2	54.167	48	57	55	5	52	5	48	51.2
4	5	55.319	47	57	55	5	51	5	47	48.5
4	1	52.000	50	57	61	9	55	9	56	46.6
4	9	40.385	52	57	60	5	56	5	56	41.2
4	8	44.444	27	57	61	5	31	5	31	35.4
4	6	38.182	55	57	60	5	56	5	57	33.1
4	7	36.735	49	57	68	4	51	5	52	30.0
5	5	100.000	55	55	55	1	55	1	55	112
5	2	70.909	55	55	55	1	55	1	55	87.4
5	3	54.167	48	55	56	1	45	1	48	53.5
5	4	55.319	47	55	57	5	47	5	51	48.5
5	1	41.667	60	55	61	2	55	2	61	39.7
5	9	40.816	49	55	60	2	46	2	50	37.4
5	8	43.333	30	55	61	2	31	2	31	36.6
5	6	35.185	54	55	60	2	51	2	55	27.3
6	6	100.000	60	60	60	1	60	1	60	117
6	9	58.621	58	60	60	1	58	1	57	71.6
6	8	70.690	58	60	61	1	58	1	58	67.4
6	1	43.860	57	60	61	1	57	1	57	57.0
6	4	40.000	55	60	57	5	57	5	56	41.2
6	2	41.304	46	60	55	2	46	2	42	39.7
6	3	35.714	42	60	56	5	46	5	45	38.1
6	5	35.185	54	60	55	2	55	2	51	37.7
6	7	31.818	44	60	68	3	46	4	47	32.3
7	7	100.000	68	68	68	1	68	1	68	138
7	2	33.333	51	68	55	2	52	1	47	33.5
7	9	34.783	46	68	60	4	48	3	48	32.0
7	4	36.735	49	68	57	5	52	4	51	30.0
7	1	33.333	51	68	61	4	52	3	53	29.3
7	3	34.884	43	68	56	8	50	7	48	28.5
7	8	34.483	29	68	61	4	32	3	31	28.1
8	8	100.000	61	61	61	1	61	1	61	120
8	6	70.690	58	61	60	1	58	1	58	80.1
8	9	57.377	61	61	60	1	61	1	60	76.3
8	1	49.180	61	61	61	1	61	1	61	64.7
8	2	46.154	52	61	55	2	53	2	47	45.1
8	4	40.741	54	61	57	5	56	5	55	43.5
8	5	38.889	54	61	55	2	55	2	51	42.0
8	3	44.681	47	61	56	5	51	5	48	41.6
8	7	36.170	47	61	68	3	49	4	48	33.1
9	9	100.000	60	60	60	1	60	1	60	120
9	6	56.667	60	60	60	1	59	1	60	63.2
9	8	52.459	61	60	61	1	60	1	61	56.6
9	1	42.623	61	60	61	1	60	1	61	52.4
9	3	45.652	46	60	56	5	50	5	48	43.9
9	2	44.000	50	60	55	2	50	2	46	43.5
9	4	40.385	52	60	57	5	56	5	56	41.2
9	5	40.816	49	60	55	2	50	2	46	37.4
9	7	34.783	46	60	68	3	48	4	48	32.0
