1	1	100.000	1301	1301	1301	1	1301	1	1301	2579
1	3	46.000	550	1301	1082	1	539	1	525	417
1	3	40.569	281	1301	1082	1033	1301	830	1082	129
1	2	45.688	545	1301	1093	1	539	1	525	402
1	2	39.643	280	1301	1093	1034	1301	842	1093	134
2	2	100.000	1093	1093	1093	1	1093	1	1093	2164
2	3	86.932	704	1093	1082	1	704	1	704	1164
2	1	46.239	545	1093	1301	1	525	1	539	425
2	1	39.931	288	1093	1301	835	1093	1026	1301	143
3	3	100.000	1082	1082	1082	1	1082	1	1082	2130
3	2	86.932	704	1082	1093	1	704	1	704	1153
3	1	46.422	545	1082	1301	1	525	1	539	427
3	1	40.956	293	1082	1301	818	1082	1022	1301	147
