1	1	100.000	487	487	487	1	487	1	487	1018
1	5	58.230	486	487	487	3	487	3	487	595
1	3	40.373	483	487	483	6	487	5	483	380
1	2	38.398	487	487	482	4	487	3	482	348
1	6	37.423	489	487	483	4	487	3	483	328
1	4	37.678	491	487	487	4	487	6	487	322
1	7	30.502	518	487	504	2	487	4	504	218
2	2	100.000	482	482	482	1	482	1	482	1005
2	3	49.794	486	482	483	1	482	1	483	511
2	6	44.148	487	482	483	1	482	1	483	417
2	4	42.887	485	482	487	2	482	5	487	408
2	5	40.695	489	482	487	1	482	2	487	370
2	1	38.398	487	482	487	3	482	4	487	348
2	7	27.668	506	482	504	7	482	10	504	165
3	3	100.000	483	483	483	1	483	1	483	1010
3	2	49.794	486	483	482	1	483	1	482	498
3	6	45.194	489	483	483	1	483	1	483	418
3	4	43.763	489	483	487	2	483	5	487	400
3	5	42.236	483	483	487	1	478	2	482	397
3	1	40.373	483	483	487	5	483	6	487	375
3	7	27.327	505	483	504	5	483	8	504	184
4	4	100.000	487	487	487	1	487	1	487	1014
4	6	68.530	483	487	483	5	487	2	483	726
4	3	43.763	489	487	483	5	487	2	483	407
4	2	42.887	485	487	482	5	487	2	482	406
4	5	43.149	489	487	487	9	487	7	487	380
4	1	37.805	492	487	487	6	487	4	487	323
4	7	28.190	525	487	504	4	487	5	504	167
5	5	100.000	487	487	487	1	487	1	487	1017
5	1	57.787	488	487	487	3	487	3	487	583
5	3	42.236	483	487	483	2	482	1	478	397
5	4	42.300	487	487	487	7	487	9	487	371
5	2	40.695	489	487	482	2	487	1	482	361
5	6	40.733	491	487	483	2	487	1	483	358
5	7	30.859	512	487	504	5	487	7	504	204
6	6	100.000	483	483	483	1	483	1	483	1002
6	4	68.530	483	483	487	2	483	5	487	715
6	3	45.194	489	483	483	1	483	1	483	418
6	2	44.148	487	483	482	1	483	1	482	411
6	5	40.733	491	483	487	1	483	2	487	358
6	1	37.423	489	483	487	3	483	4	487	320
6	7	28.889	495	483	504	7	478	10	499	191
7	7	100.000	504	504	504	1	504	1	504	1041
7	1	30.171	527	504	487	4	504	2	487	213
7	5	30.859	512	504	487	7	504	5	487	204
7	6	28.889	495	504	483	10	499	7	478	191
7	3	27.327	505	504	483	8	504	5	483	184
7	4	28.190	525	504	487	5	504	4	487	162
7	2	27.668	506	504	482	10	504	7	482	158
