1	1	100.000	221	221	221	1	221	1	221	453
1	4	61.538	221	221	221	1	221	1	221	286
1	2	39.819	221	221	223	1	220	1	221	161
1	3	42.254	213	221	222	13	221	13	221	152
1	6	41.509	212	221	222	13	221	13	221	150
1	5	39.409	203	221	239	20	220	20	222	144
1	7	39.409	203	221	239	20	220	20	222	144
2	2	100.000	223	223	223	1	223	1	223	461
2	6	47.111	225	223	222	1	221	1	220	181
2	3	46.667	225	223	222	1	221	1	220	176
2	4	42.152	223	223	221	1	221	1	220	171
2	1	39.819	221	223	221	1	221	1	220	161
2	5	36.607	224	223	239	1	222	1	223	139
2	7	37.445	227	223	239	1	222	1	223	137
3	3	100.000	222	222	222	1	222	1	222	454
3	6	91.441	222	222	222	1	222	1	222	415
3	2	46.667	225	222	223	1	220	1	221	176
3	7	39.823	226	222	239	1	222	1	224	159
3	4	40.566	212	222	221	13	221	13	221	153
3	1	42.254	213	222	221	13	221	13	221	152
3	5	37.611	226	222	239	1	222	1	224	150
4	4	100.000	221	221	221	1	221	1	221	449
4	1	61.538	221	221	221	1	221	1	221	286
4	2	42.152	223	221	223	1	220	1	221	171
4	3	40.566	212	221	222	13	221	13	221	153
4	6	41.315	213	221	222	12	221	12	221	152
4	7	38.863	211	221	239	12	220	12	222	152
4	5	37.104	221	221	239	2	220	6	222	147
5	5	100.000	239	239	239	1	239	1	239	487
5	7	79.498	239	239	239	1	239	1	239	408
5	6	38.496	226	239	222	1	224	1	222	155
5	3	37.611	226	239	222	1	224	1	222	150
5	4	37.104	221	239	221	6	222	2	220	147
5	1	39.409	203	239	221	20	222	20	220	144
5	2	36.607	224	239	223	1	223	1	222	139
6	6	100.000	222	222	222	1	222	1	222	454
6	3	91.441	222	222	222	1	222	1	222	415
6	2	47.111	225	222	223	1	220	1	221	181
6	7	40.265	226	222	239	1	222	1	224	159
6	5	38.496	226	222	239	1	222	1	224	155
6	4	41.315	213	222	221	12	221	12	221	152
6	1	41.509	212	222	221	13	221	13	221	150
7	7	100.000	239	239	239	1	239	1	239	491
7	5	79.498	239	239	239	1	239	1	239	408
7	3	39.823	226	239	222	1	224	1	222	159
7	6	40.265	226	239	222	1	224	1	222	159
7	4	38.863	211	239	221	12	222	12	220	152
7	1	39.409	203	239	221	20	222	20	220	144
7	2	37.445	227	239	223	1	223	1	222	137
