1	1	100.000	524	524	524	1	524	1	524	1089
1	22	76.482	523	524	524	1	523	1	523	809
1	3	73.077	520	524	524	1	520	1	520	805
1	19	71.648	522	524	533	4	523	4	525	799
1	16	58.835	515	524	522	6	517	4	517	650
1	12	60.479	501	524	522	18	517	18	517	637
1	23	23.571	560	524	527	18	518	17	524	97.1
1	15	25.597	461	524	548	6	415	17	435	91.3
1	14	26.239	343	524	513	24	348	33	350	89.7
1	21	23.714	447	524	513	6	427	2	435	88.2
1	10	24.943	441	524	508	7	417	3	418	82.8
1	18	25.146	342	524	618	33	347	55	379	83.2
1	11	23.353	501	524	512	24	505	31	512	81.6
1	20	21.600	500	524	508	7	474	3	478	77.0
1	28	23.684	380	524	512	6	368	4	366	77.0
1	9	24.929	353	524	531	23	348	21	354	72.4
1	17	24.302	358	524	519	23	351	21	358	72.0
1	7	21.008	476	524	509	56	493	50	505	68.2
1	5	23.140	363	524	511	4	351	2	349	65.5
1	29	21.319	455	524	512	75	486	68	494	64.7
1	13	21.649	291	524	508	76	351	79	356	64.3
1	8	26.549	226	524	530	146	354	141	358	62.4
1	30	21.649	388	524	514	143	491	132	504	60.5
1	4	20.202	495	524	517	12	477	9	489	60.1
1	6	22.280	386	524	561	6	353	8	378	57.8
1	25	20.821	341	524	526	23	351	27	349	53.9
10	10	100.000	508	508	508	1	508	1	508	1060
10	9	30.185	487	508	531	19	482	23	499	248
10	17	28.340	494	508	519	12	480	16	500	233
10	7	27.613	507	508	509	1	491	4	500	194
10	20	25.820	488	508	508	1	468	1	477	164
10	5	25.869	518	508	511	3	494	5	500	159
10	11	26.526	475	508	512	17	478	30	489	145
10	8	27.177	379	508	530	68	434	77	449	143
10	28	24.040	495	508	512	1	475	1	479	139
10	4	24.366	513	508	517	3	487	5	504	136
10	30	24.376	521	508	514	1	502	1	508	132
10	14	27.044	477	508	513	10	474	25	475	132
10	18	24.923	325	508	618	27	336	55	375	128
10	29	23.764	526	508	512	8	507	8	512	125
10	23	24.263	441	508	527	66	479	75	498	124
10	15	25.141	354	508	548	18	363	39	387	120
10	21	23.840	474	508	513	27	479	34	484	111
10	6	22.524	515	508	561	1	481	16	517	101
10	2	25.770	357	508	620	3	328	4	339	93.2
10	13	23.151	311	508	508	47	342	48	353	83.6
10	1	24.943	441	508	524	3	418	7	417	82.8
10	25	20.699	372	508	526	1	355	10	359	81.3
10	16	23.269	361	508	522	4	345	9	351	77.0
10	22	21.918	438	508	524	3	418	7	417	73.6
10	3	21.176	425	508	524	16	418	21	417	67.4
10	12	24.151	530	508	522	1	501	6	497	66.2
10	19	22.196	428	508	533	16	418	21	417	63.9
11	11	100.000	512	512	512	1	512	1	512	1046
11	14	45.852	458	512	513	27	481	29	479	404
11	21	33.671	493	512	513	29	509	22	508	272
11	23	32.866	499	512	527	34	508	26	521	248
11	10	26.526	475	512	508	30	489	17	478	145
11	9	28.600	493	512	531	32	489	23	495	141
11	7	24.949	493	512	509	30	505	20	497	135
11	20	24.696	494	512	508	6	483	1	478	135
11	17	24.948	477	512	519	41	491	31	497	134
11	28	23.848	499	512	512	10	488	3	484	125
11	8	24.307	469	512	530	25	463	18	469	117
11	5	23.168	505	512	511	34	512	23	507	113
11	6	25.065	387	512	561	80	438	90	463	111
11	4	23.591	479	512	517	34	490	23	493	110
11	25	24.403	377	512	526	38	403	33	400	100
11	16	23.673	490	512	522	41	503	33	493	94.4
11	18	25.331	529	512	618	27	482	41	559	93.2
11	30	22.139	402	512	514	28	405	15	403	88.2
11	15	22.512	422	512	548	34	439	42	455	88.6
11	1	23.353	501	512	524	31	512	24	505	81.6
11	12	23.188	483	512	522	31	486	24	476	81.3
11	13	21.836	403	512	508	6	392	2	400	80.1
11	19	25.075	335	512	533	31	350	24	348	80.1
11	22	23.188	414	512	524	8	406	1	396	78.2
11	29	21.150	487	512	512	27	486	14	486	76.6
11	3	23.822	382	512	524	40	406	32	396	74.3
11	2	22.823	333	512	620	26	336	14	339	64.7
12	12	100.000	522	522	522	1	522	1	522	1083
12	16	74.806	516	522	522	3	518	7	518	836
12	1	61.200	500	522	524	18	517	18	517	653
12	3	60.400	500	522	524	18	517	18	517	651
12	19	58.509	523	522	533	3	517	1	517	635
12	22	59.653	518	522	524	6	517	3	517	604
12	23	24.334	563	522	527	18	520	17	526	108
12	14	25.369	339	522	513	24	348	33	350	94.0
12	29	24.225	516	522	512	32	501	27	510	87.8
12	11	23.251	486	522	512	24	481	31	491	86.3
12	15	25.505	396	522	548	33	396	49	425	85.1
12	9	24.094	552	522	531	26	502	24	531	84.0
12	4	22.178	505	522	517	8	478	5	491	83.2
12	21	24.795	488	522	513	24	482	24	487	81.6
12	7	22.718	493	522	509	39	493	44	501	76.6
12	18	25.982	331	522	618	33	334	55	367	75.5
12	10	24.151	530	522	508	6	497	1	501	72.8
12	28	22.549	408	522	512	136	498	128	508	71.6
12	5	23.409	440	522	511	96	498	93	507	70.9
12	8	24.128	344	522	530	33	356	35	360	70.5
12	17	23.415	410	522	519	132	495	124	513	66.6
12	20	21.914	397	522	508	75	436	72	451	65.9
12	6	22.876	459	522	561	74	475	89	512	65.5
12	30	23.894	339	522	514	143	441	132	464	62.0
12	13	21.724	290	522	508	77	351	80	356	57.0
12	25	21.283	343	522	526	23	352	27	350	52.0
13	13	100.000	508	508	508	1	508	1	508	1054
13	20	23.188	345	508	508	71	409	63	399	115
13	21	24.074	378	508	513	37	401	34	390	101
13	15	23.869	398	508	548	25	411	37	423	101
13	23	23.382	479	508	527	76	508	73	520	95.9
13	4	23.724	333	508	517	75	401	67	394	90.9
13	7	22.005	409	508	509	30	426	24	420	90.9
13	10	22.081	471	508	508	48	496	47	489	85.9
13	14	22.674	344	508	513	76	411	81	402	82.8
13	11	21.836	403	508	512	2	400	6	392	79.7
13	17	22.573	443	508	519	79	490	71	492	79.0
13	5	22.157	343	508	511	65	401	57	390	76.3
13	25	21.634	453	508	526	6	444	1	426	74.7
13	28	20.299	335	508	512	73	401	66	391	74.3
13	8	21.212	330	508	530	78	401	75	399	73.9
13	29	21.528	432	508	512	80	484	70	490	73.2
13	22	22.581	372	508	524	4	356	1	351	72.8
13	9	21.116	502	508	531	34	496	28	508	72.4
13	16	22.768	448	508	522	79	499	76	490	69.7
13	30	22.647	340	508	514	80	400	70	391	68.9
13	3	21.351	370	508	524	4	356	1	351	65.9
13	1	21.649	291	508	524	79	356	76	351	64.3
13	6	19.837	368	508	561	65	422	77	440	62.0
13	19	21.575	292	508	533	79	356	76	351	61.2
13	12	22.603	292	508	522	80	354	77	349	57.4
13	2	19.861	287	508	620	79	347	74	347	41.6
14	14	100.000	513	513	513	1	513	1	513	1054
14	11	44.531	512	513	512	9	511	8	512	419
14	21	33.673	490	513	513	7	486	1	487	283
14	23	33.264	478	513	527	36	492	26	500	240
14	9	27.778	486	513	531	34	489	23	495	158
14	17	26.994	489	513	519	43	502	31	509	152
14	7	26.355	535	513	509	10	513	3	508	150
14	10	26.804	485	513	508	25	490	10	478	135
14	6	27.438	441	513	561	27	436	32	463	131
14	20	24.464	466	513	508	30	480	18	477	128
14	28	24.453	503	513	512	8	487	3	486	125
14	4	26.087	506	513	517	13	487	1	492	125
14	8	25.355	493	513	530	35	502	27	509	125
14	5	22.645	499	513	511	35	513	22	509	119
14	15	24.295	461	513	548	12	447	16	470	118
14	16	23.469	490	513	522	33	498	24	487	106
14	1	25.000	528	513	524	4	501	2	490	101
14	12	25.225	333	513	522	33	350	24	348	94.0
14	29	21.042	499	513	512	15	483	8	485	92.4
14	30	21.255	494	513	514	13	477	6	479	90.1
14	22	24.317	366	513	524	6	350	4	348	89.7
14	18	25.231	325	513	618	35	337	47	368	86.3
14	3	24.377	361	513	524	13	350	11	348	85.5
14	19	24.926	337	513	533	33	350	24	348	84.7
14	13	22.434	419	513	508	9	402	4	411	84.3
14	2	23.364	321	513	620	44	336	29	339	80.9
14	25	21.957	419	513	526	10	412	3	406	80.1
15	15	100.000	548	548	548	1	548	1	548	1150
15	5	25.490	510	548	511	17	517	4	492	171
15	8	26.840	462	548	530	38	481	24	468	165
15	28	25.309	486	548	512	38	513	20	494	162
15	4	25.455	495	548	517	38	511	19	496	163
15	20	25.814	430	548	508	84	505	67	478	155
15	7	26.244	442	548	509	84	517	67	491	152
15	23	25.852	499	548	527	39	519	23	498	144
15	29	24.356	505	548	512	25	516	4	492	142
15	17	26.285	506	548	519	39	520	22	497	133
15	6	22.793	487	548	561	38	505	37	504	133
15	18	26.154	520	548	618	37	507	43	552	132
15	30	23.614	415	548	514	39	446	18	425	128
15	9	23.366	505	548	531	47	531	29	508	127
15	10	24.000	500	548	508	39	530	18	491	126
15	14	24.312	436	548	513	40	469	34	446	115
15	21	24.153	443	548	513	22	447	2	425	114
15	2	23.150	419	548	620	41	430	21	426	112
15	13	23.869	398	548	508	37	423	25	411	102
15	19	25.828	453	548	533	13	433	1	413	98.2
15	25	22.581	434	548	526	17	446	3	425	95.5
15	16	24.706	425	548	522	27	425	12	396	92.8
15	22	24.615	455	548	524	13	433	1	413	92.0
15	1	25.408	429	548	524	49	435	33	415	91.3
15	11	22.512	422	548	512	42	455	34	439	88.6
15	12	25.505	396	548	522	49	425	33	396	85.1
15	3	22.907	454	548	524	17	433	2	413	79.0
16	16	100.000	522	522	522	1	522	1	522	1079
16	12	74.806	516	522	522	7	518	3	518	821
16	3	60.200	500	522	524	18	517	18	517	656
16	1	58.835	515	522	524	4	517	6	517	650
16	19	58.800	500	522	533	18	517	18	517	637
16	22	59.423	520	522	524	3	521	4	521	612
16	23	24.776	557	522	527	16	519	15	525	115
16	29	22.932	532	522	512	14	502	9	509	97.1
16	14	24.000	400	522	513	24	400	33	408	96.3
16	11	23.673	490	522	512	33	493	41	503	94.4
16	4	23.909	527	522	517	6	493	1	505	93.2
16	15	24.706	425	522	548	12	396	27	425	92.8
16	9	23.553	501	522	531	26	482	24	493	82.4
16	21	23.897	544	522	513	4	512	2	511	82.0
16	17	22.835	508	522	519	26	493	24	505	80.5
16	28	21.716	373	522	512	5	359	3	358	78.6
16	10	23.269	361	522	508	9	351	4	345	77.0
16	5	24.249	433	522	511	96	490	93	500	76.3
16	7	22.180	532	522	509	1	491	1	501	72.8
16	20	23.280	378	522	508	75	424	72	433	72.8
16	6	22.880	507	522	561	22	472	36	512	72.4
16	8	23.490	298	522	530	71	351	71	357	72.0
16	13	22.656	384	522	508	76	426	79	447	68.9
16	18	23.653	334	522	618	32	334	54	367	68.2
16	30	22.798	386	522	514	143	493	132	502	63.9
16	25	21.637	342	522	526	23	352	27	350	48.9
16	2	20.046	439	522	620	6	410	1	426	40.8
17	17	100.000	519	519	519	1	519	1	519	1079
17	9	54.037	483	519	531	19	501	19	501	585
17	10	27.921	505	519	508	5	500	1	480	239
17	7	28.041	485	519	509	41	511	42	504	185
17	20	25.498	502	519	508	3	485	2	478	183
17	4	27.500	520	519	517	7	511	6	512	178
17	28	26.542	373	519	512	1	370	1	362	151
17	14	27.214	463	519	513	31	486	43	478	149
17	5	25.391	512	519	511	8	503	7	497	144
17	8	27.252	444	519	530	3	433	6	437	141
17	21	25.553	497	519	513	31	512	34	502	135
17	11	24.948	477	519	512	31	497	41	491	134
17	6	24.943	437	519	561	63	492	83	509	134
17	15	27.423	423	519	548	4	413	23	426	124
17	23	23.848	499	519	527	31	507	33	505	112
17	18	25.602	332	519	618	31	349	55	375	112
17	2	25.627	359	519	620	1	341	1	339	94.4
17	29	22.605	522	519	512	7	511	13	503	89.4
17	16	22.727	528	519	522	4	505	6	493	85.5
17	30	23.513	353	519	514	17	362	13	357	82.4
17	25	23.485	396	519	526	3	378	2	370	82.0
17	19	24.462	372	519	533	1	358	3	351	79.7
17	13	22.715	383	519	508	71	432	79	438	78.2
17	22	24.069	349	519	524	24	358	26	351	77.4
17	1	24.138	377	519	524	2	358	4	351	74.7
17	3	24.167	360	519	524	21	358	23	351	74.3
17	12	23.389	419	519	522	93	485	96	473	63.9
18	18	100.000	618	618	618	1	618	1	618	1284
18	5	27.463	335	618	511	44	375	19	340	139
18	9	28.614	339	618	531	53	375	29	349	139
18	15	26.036	507	618	548	43	539	37	494	132
18	6	24.030	541	618	561	41	569	34	525	132
18	8	25.439	342	618	530	38	374	18	347	131
18	28	26.647	334	618	512	44	375	20	341	129
18	10	24.923	325	618	508	55	375	27	336	128
18	25	26.914	431	618	526	46	465	27	401	127
18	4	26.364	330	618	517	45	367	20	336	127
18	29	25.664	339	618	512	45	375	18	344	117
18	23	25.904	332	618	527	45	368	23	338	114
18	17	25.602	332	618	519	55	375	31	349	112
18	30	27.368	285	618	514	97	375	70	344	112
18	20	26.269	335	618	508	48	378	24	344	109
18	7	24.800	375	618	509	41	408	13	371	104
18	2	25.225	333	618	620	48	367	22	339	99.0
18	21	24.706	340	618	513	42	376	21	340	98.2
18	11	25.331	529	618	512	41	559	27	482	93.2
18	14	25.231	325	618	513	47	368	35	337	87.4
18	1	25.146	342	618	524	55	379	33	347	83.2
18	12	25.982	331	618	522	55	367	33	334	75.5
18	3	23.768	345	618	524	55	379	33	347	72.0
18	22	22.741	343	618	524	55	379	33	347	70.9
18	19	22.899	345	618	533	55	379	33	347	68.6
18	16	23.653	334	618	522	54	367	32	334	68.2
19	19	100.000	533	533	533	1	533	1	533	1103
19	3	79.924	523	533	524	1	523	1	523	886
19	1	71.648	522	533	524	4	525	4	523	806
19	22	72.640	519	533	524	1	519	1	519	768
19	16	58.893	506	533	522	18	517	18	517	646
19	12	57.744	523	533	522	1	517	3	517	630
19	15	25.607	453	533	548	1	413	13	433	98.2
19	23	23.596	534	533	527	18	501	17	516	97.4
19	21	24.667	450	533	513	10	428	2	436	89.7
19	14	24.926	337	533	513	24	348	33	350	84.7
19	11	25.075	335	533	512	24	348	31	350	80.1
19	17	24.716	352	533	519	23	351	21	358	77.0
19	5	22.368	456	533	511	72	498	67	508	74.7
19	9	23.662	355	533	531	23	351	21	358	73.2
19	4	22.264	530	533	517	10	498	7	515	72.0
19	18	23.304	339	533	618	33	341	55	374	68.6
19	8	25.532	235	533	530	136	354	132	358	65.9
19	20	20.557	467	533	508	7	437	3	452	65.5
19	29	22.973	518	533	512	22	493	17	496	65.1
19	28	22.546	377	533	512	151	498	143	509	64.7
19	10	23.734	316	533	508	129	417	117	418	63.9
19	25	23.032	343	533	526	23	351	27	349	62.8
19	13	21.575	292	533	508	76	351	79	356	61.2
19	7	19.923	522	533	509	3	488	4	496	60.1
19	30	23.698	384	533	514	143	487	132	494	55.8
19	6	22.314	484	533	561	71	491	86	541	53.1
2	2	100.000	620	620	620	1	620	1	620	1290
2	15	22.955	440	620	548	2	426	20	430	112
2	6	26.250	320	620	561	35	339	56	359	105
2	8	25.092	271	620	530	74	339	76	340	99.0
2	18	25.225	333	620	618	22	339	48	367	99.0
2	21	24.771	327	620	513	40	350	35	342	94.4
2	17	25.074	339	620	519	18	339	21	341	94.0
2	10	25.770	357	620	508	4	339	3	328	93.2
2	5	23.907	343	620	511	3	339	4	332	85.1
2	28	25.087	287	620	512	61	339	59	333	84.7
2	14	23.364	321	620	513	29	339	44	336	82.0
2	25	26.829	287	620	526	73	350	77	343	81.6
2	9	24.506	253	620	531	71	313	68	310	77.0
2	7	23.875	289	620	509	62	334	61	329	76.3
2	20	24.373	279	620	508	65	334	64	328	75.9
2	23	19.626	321	620	527	30	339	35	337	72.4
2	4	21.678	286	620	517	61	334	58	331	65.9
2	11	22.823	333	620	512	14	339	26	336	64.7
2	30	21.942	278	620	514	74	340	69	337	53.5
2	29	20.486	288	620	512	62	340	57	337	50.4
2	13	19.861	287	620	508	74	347	79	347	41.6
2	16	20.046	439	620	522	1	426	6	410	40.8
20	20	100.000	508	508	508	1	508	1	508	1056
20	7	70.138	509	508	509	1	508	1	509	776
20	28	33.198	491	508	512	4	489	3	491	299
20	5	33.540	483	508	511	21	499	20	500	293
20	8	33.397	521	508	530	1	507	5	521	270
20	4	30.632	506	508	517	5	499	4	506	270
20	17	25.720	486	508	519	42	501	41	512	187
20	29	26.877	506	508	512	5	494	2	494	177
20	9	25.462	487	508	531	22	488	23	499	174
20	10	26.078	510	508	508	1	498	1	490	168
20	6	27.876	452	508	561	57	488	75	515	163
20	30	28.440	436	508	514	1	425	1	425	157
20	15	26.601	406	508	548	67	458	84	481	153
20	11	24.699	498	508	512	1	482	6	487	137
20	23	23.935	493	508	527	21	493	23	496	137
20	14	24.516	465	508	513	18	476	30	479	127
20	13	23.188	345	508	508	63	399	71	409	115
20	18	26.269	335	508	618	24	344	48	378	109
20	21	22.382	487	508	513	12	484	13	484	107
20	25	24.297	391	508	526	35	407	39	409	97.4
20	22	21.315	441	508	524	6	427	5	416	80.5
20	1	20.650	523	508	524	3	504	7	493	79.0
20	16	22.248	436	508	522	72	483	75	478	75.9
20	2	22.997	287	508	620	64	328	65	334	75.9
20	19	20.866	508	508	533	3	483	7	478	70.1
20	12	21.914	397	508	522	72	451	75	436	65.9
20	3	19.721	502	508	524	8	481	10	476	59.3
21	21	100.000	513	513	513	1	513	1	513	1055
21	23	34.387	506	513	527	24	505	23	522	278
21	14	34.305	446	513	513	22	463	31	466	276
21	11	33.671	493	513	512	22	508	29	509	272
21	17	25.553	497	513	519	34	502	31	512	135
21	9	24.366	513	513	531	26	512	24	517	134
21	6	24.561	456	513	561	7	436	15	464	130
21	28	24.816	407	513	512	1	395	5	396	126
21	4	25.636	511	513	517	3	484	5	492	124
21	5	23.913	414	513	511	23	426	19	425	118
21	25	23.364	428	513	526	2	411	1	406	114
21	15	24.153	443	513	548	2	425	22	447	114
21	10	23.840	474	513	508	34	484	27	479	111
21	8	22.822	482	513	530	23	466	24	477	109
21	7	23.992	471	513	509	26	483	23	484	105
21	20	22.453	481	513	508	13	478	12	478	103
21	13	23.358	411	513	508	1	390	4	401	101
21	18	24.706	340	513	618	21	340	42	376	98.2
21	2	24.771	327	513	620	35	342	40	350	94.4
21	30	22.921	445	513	514	25	447	19	451	90.5
21	19	24.235	425	513	533	24	436	24	428	89.4
21	3	23.059	438	513	524	1	425	1	417	89.0
21	22	23.744	438	513	524	1	425	5	417	89.0
21	1	23.714	447	513	524	2	435	6	427	88.2
21	29	21.493	442	513	512	25	447	19	451	85.9
21	16	23.897	544	513	522	2	511	4	512	82.0
21	12	25.123	406	513	522	24	416	24	409	80.5
22	22	100.000	524	524	524	1	524	1	524	1080
22	1	76.482	523	524	524	1	523	1	523	861
22	3	73.855	524	524	524	1	524	1	524	819
22	19	72.640	519	524	533	1	519	1	519	803
22	16	59.423	520	524	522	4	521	3	521	650
22	12	59.073	518	524	522	3	517	6	517	624
22	15	24.289	457	524	548	1	413	13	433	98.6
22	23	23.049	551	524	527	19	518	18	524	97.1
22	21	23.973	438	524	513	5	417	1	425	92.8
22	17	24.928	349	524	519	26	351	24	358	80.5
22	14	23.460	341	524	513	24	348	33	350	80.1
22	11	23.188	414	524	512	1	396	8	406	79.7
22	20	21.171	444	524	508	2	416	3	427	79.3
22	18	24.561	342	524	618	33	347	55	379	76.6
22	4	21.846	531	524	517	1	492	1	510	76.3
22	29	19.770	521	524	512	11	492	6	501	76.3
22	28	22.140	542	524	512	1	498	1	509	75.9
22	10	22.197	437	524	508	7	417	3	418	75.5
22	13	22.581	372	524	508	1	351	4	356	74.7
22	9	25.000	356	524	531	26	348	24	354	72.4
22	8	23.936	376	524	530	1	354	5	358	71.2
22	5	23.312	459	524	511	72	498	67	508	70.5
22	7	20.076	528	524	509	3	496	1	505	67.8
22	30	22.131	366	524	514	143	468	132	477	65.1
22	6	22.811	491	524	561	71	504	86	559	65.1
22	25	21.994	341	524	526	23	351	27	349	61.6
23	23	100.000	527	527	527	1	527	1	527	1100
23	21	33.837	529	527	513	1	522	1	505	279
23	11	32.866	499	527	512	26	521	34	508	248
23	14	33.621	464	527	513	26	487	36	478	238
23	5	24.494	494	527	511	23	505	20	497	155
23	28	26.202	416	527	512	1	403	3	396	154
23	8	25.055	451	527	530	4	444	10	444	144
23	15	25.355	493	527	548	1	477	17	491	142
23	7	24.756	513	527	509	2	503	7	500	139
23	6	22.421	504	527	561	1	492	15	512	137
23	9	24.280	486	527	531	33	494	31	496	135
23	4	23.333	510	527	517	4	492	5	491	135
23	20	24.165	509	527	508	7	496	7	493	133
23	10	23.002	513	527	508	6	498	3	479	125
23	16	25.044	571	527	522	1	525	6	519	121
23	18	25.904	332	527	618	23	338	45	368	114
23	17	23.848	499	527	519	33	505	31	507	112
23	3	24.887	442	527	524	17	433	18	417	105
23	12	24.381	525	527	522	2	482	3	476	102
23	1	23.917	577	527	524	1	524	1	518	97.8
23	13	24.860	358	527	508	73	408	76	410	95.9
23	25	23.096	394	527	526	33	421	36	414	93.2
23	22	23.735	514	527	524	1	486	2	464	93.2
23	19	24.434	442	527	533	17	433	18	417	92.4
23	30	22.365	389	527	514	23	400	18	394	91.3
23	29	22.874	494	527	512	23	496	18	492	90.9
23	2	19.626	321	527	620	35	337	30	339	72.4
24	24	100.000	647	647	647	1	647	1	647	1323
25	25	100.000	526	526	526	1	526	1	526	1065
25	6	27.500	400	526	561	36	418	49	441	151
25	18	26.914	431	526	618	27	401	46	465	128
25	21	23.364	428	526	513	1	406	2	411	114
25	28	22.880	507	526	512	27	503	22	500	105
25	30	26.225	347	526	514	74	399	65	398	102
25	5	23.166	518	526	511	27	516	21	511	100
25	11	23.797	374	526	512	33	399	38	400	100
25	20	24.297	391	526	508	39	409	35	407	97.8
25	4	22.782	417	526	517	27	426	21	424	97.4
25	29	23.077	364	526	512	62	399	51	398	96.7
25	23	22.360	483	526	527	29	492	26	490	95.9
25	9	24.816	407	526	531	25	398	19	406	95.1
25	15	22.581	434	526	548	3	425	17	446	95.1
25	7	22.997	387	526	509	39	409	35	408	92.4
25	8	21.856	334	526	530	79	397	77	404	83.2
25	2	26.829	287	526	620	77	343	73	350	81.6
25	10	21.569	357	526	508	28	359	16	355	81.3
25	17	23.138	376	526	519	22	370	16	378	80.9
25	14	22.798	386	526	513	36	406	43	412	78.6
25	13	21.634	453	526	508	1	426	6	444	75.1
25	19	23.032	343	526	533	27	349	23	351	62.4
25	22	21.701	341	526	524	27	349	23	351	56.2
25	1	21.387	346	526	524	27	353	23	355	54.3
25	12	21.283	343	526	522	27	350	23	352	52.8
25	16	20.762	525	526	522	27	523	23	515	52.0
25	3	19.328	357	526	524	12	349	7	351	51.2
26	26	100.000	610	610	610	1	610	1	610	1263
27	27	100.000	687	687	687	1	687	1	687	1410
28	28	100.000	512	512	512	1	512	1	512	1070
28	5	71.654	508	512	511	5	512	4	511	805
28	4	48.069	518	512	517	1	511	2	517	538
28	8	43.070	469	512	530	5	467	9	475	427
28	20	32.777	479	512	508	3	479	4	477	286
28	7	32.317	492	512	509	3	491	9	490	284
28	29	30.754	504	512	512	21	508	18	507	254
28	30	30.519	462	512	514	7	459	6	460	240
28	15	25.751	466	512	548	20	474	38	495	160
28	9	25.726	482	512	531	31	493	31	498	154
28	23	26.904	394	512	527	21	396	23	403	153
28	6	26.104	498	512	561	21	489	38	514	147
28	17	26.331	357	512	519	17	362	17	370	144
28	10	24.040	495	512	508	1	479	1	475	139
28	18	26.647	334	512	618	20	341	44	375	129
28	21	24.816	407	512	513	5	396	1	395	126
28	11	23.848	499	512	512	3	484	10	488	125
28	14	24.359	468	512	513	23	478	35	479	116
28	25	25.126	398	512	526	22	401	27	402	102
28	2	25.087	287	512	620	59	333	61	339	84.7
28	16	21.716	373	512	522	3	358	5	359	78.6
28	1	23.684	380	512	524	4	366	6	368	77.0
28	13	20.299	335	512	508	66	391	73	401	74.3
28	12	24.275	276	512	522	128	396	136	388	71.2
28	3	22.532	395	512	524	135	509	143	498	68.9
28	19	22.969	357	512	533	143	489	151	478	63.2
28	22	22.310	381	512	524	1	358	1	359	62.0
29	29	100.000	512	512	512	1	512	1	512	1059
29	30	64.286	504	512	514	8	510	8	511	688
29	5	32.150	507	512	511	18	504	20	506	265
29	28	30.754	504	512	512	18	507	21	508	254
29	8	31.818	462	512	530	5	461	12	468	253
29	4	30.740	527	512	517	1	504	1	513	252
29	7	27.146	501	512	509	9	495	12	499	192
29	20	26.994	489	512	508	2	482	5	477	175
29	15	24.628	471	512	548	4	462	25	482	138
29	10	23.764	526	512	508	8	512	8	507	125
29	18	25.664	339	512	618	18	344	45	375	117
29	6	23.946	522	512	561	23	503	44	542	113
29	16	22.932	532	512	522	9	509	14	502	97.1
29	25	23.077	364	512	526	51	398	62	399	96.7
29	9	22.736	497	512	531	27	495	30	501	96.3
29	23	22.874	494	512	527	18	492	23	496	90.5
29	17	23.200	500	512	519	26	503	29	511	89.0
29	14	20.332	482	512	513	13	481	28	479	87.0
29	21	21.493	442	512	513	19	451	25	447	85.9
29	12	23.625	491	512	522	27	486	32	476	79.7
29	11	21.150	487	512	512	14	486	27	486	76.6
29	13	22.005	409	512	508	70	467	80	461	72.4
29	3	20.463	518	512	524	4	483	9	473	71.2
29	22	21.563	371	512	524	6	353	11	351	70.9
29	1	21.319	455	512	524	68	494	75	486	64.7
29	19	22.465	503	512	533	17	488	22	478	62.4
29	2	20.486	288	512	620	57	337	62	340	50.4
3	3	100.000	524	524	524	1	524	1	524	1085
3	19	79.924	523	524	533	1	523	1	523	888
3	1	73.077	520	524	524	1	520	1	520	813
3	22	73.855	524	524	524	1	524	1	524	780
3	16	61.188	505	524	522	18	517	18	517	665
3	12	60.400	500	524	522	18	517	18	517	642
3	23	24.265	544	524	527	18	511	17	526	111
3	21	23.059	438	524	513	1	417	1	425	89.0
3	14	24.633	341	524	513	24	348	33	350	84.7
3	29	21.091	550	524	512	9	506	4	510	79.7
3	15	22.907	454	524	548	2	413	17	433	78.6
3	5	22.201	527	524	511	2	498	4	508	76.3
3	17	22.736	519	524	519	23	489	21	504	75.5
3	4	20.611	524	524	517	2	494	1	506	75.5
3	9	25.852	352	524	531	26	348	24	354	74.7
3	11	23.822	382	524	512	32	396	40	406	74.3
3	18	23.768	345	524	618	33	347	55	379	71.6
3	28	22.532	395	524	512	143	498	135	509	68.6
3	10	23.101	316	524	508	129	417	117	418	67.0
3	8	24.713	348	524	530	33	356	35	360	66.2
3	13	21.351	370	524	508	1	351	4	356	65.9
3	30	22.807	399	524	514	143	493	132	499	61.6
3	6	22.030	463	524	561	71	475	86	512	58.9
3	20	19.697	462	524	508	10	436	8	451	58.5
3	7	19.813	535	524	509	6	496	5	505	51.6
3	25	19.328	357	524	526	7	351	12	349	51.2
30	30	100.000	514	514	514	1	514	1	514	1065
30	29	64.286	504	514	512	8	511	8	510	699
30	8	32.321	461	514	530	9	460	16	467	256
30	28	29.839	496	514	512	6	494	7	490	245
30	5	31.601	481	514	511	18	489	20	484	240
30	4	31.687	486	514	517	11	487	13	485	238
30	7	26.172	512	514	509	6	504	9	503	172
30	20	28.440	436	514	508	1	425	1	425	157
30	10	24.376	521	514	508	1	508	1	502	136
30	15	25.686	401	514	548	69	455	90	478	128
30	6	24.694	490	514	561	23	490	44	515	115
30	9	22.717	449	514	531	27	459	30	466	113
30	18	27.368	285	514	618	70	344	97	375	112
30	25	26.225	347	514	526	65	398	74	399	102
30	23	22.759	435	514	527	69	488	76	495	94.0
30	11	21.486	498	514	512	15	499	28	493	91.3
30	21	22.921	445	514	513	19	451	25	447	90.1
30	14	21.162	482	514	513	13	481	28	479	88.6
30	17	23.513	353	514	519	13	357	17	362	82.4
30	13	22.647	340	514	508	70	391	80	400	69.7
30	16	22.798	386	514	522	132	502	143	493	67.0
30	12	24.054	370	514	522	132	487	143	472	62.0
30	1	21.649	388	514	524	132	504	143	491	62.0
30	3	21.748	515	514	524	6	482	11	475	61.2
30	19	23.200	375	514	533	132	485	143	478	57.0
30	22	21.477	298	514	524	132	424	143	416	56.2
30	2	21.942	278	514	620	69	337	74	340	53.9
4	4	100.000	517	517	517	1	517	1	517	1068
4	5	51.068	515	517	511	1	513	1	506	545
4	28	48.069	518	517	512	2	517	1	511	538
4	8	40.154	518	517	530	2	514	7	513	400
4	7	32.290	511	517	509	1	509	3	502	278
4	20	30.928	485	517	508	4	486	5	478	260
4	29	30.740	527	517	512	1	513	1	504	252
4	30	31.723	476	517	514	13	479	11	477	237
4	17	27.255	510	517	519	16	512	17	511	175
4	9	27.505	509	517	531	20	504	21	508	167
4	15	26.282	468	517	548	20	466	39	481	159
4	10	24.366	513	517	508	5	504	3	487	136
4	23	23.422	491	517	527	20	491	23	492	132
4	18	26.364	330	517	618	20	336	45	367	127
4	21	25.636	511	517	513	5	492	3	484	124
4	14	26.316	475	517	513	22	484	35	479	121
4	6	23.387	496	517	561	19	488	37	512	112
4	11	23.591	479	517	512	23	493	34	490	110
4	25	22.782	417	517	526	21	424	27	426	96.7
4	16	23.909	527	517	522	1	505	6	493	93.2
4	13	23.724	333	517	508	67	394	75	401	90.9
4	12	22.068	503	517	522	5	489	8	476	80.1
4	3	21.964	387	517	524	1	371	2	369	70.5
4	22	21.958	378	517	524	1	361	1	359	66.2
4	19	21.230	504	517	533	7	489	10	478	65.9
4	2	21.678	286	517	620	58	331	61	334	65.9
4	1	20.202	495	517	524	9	489	12	477	60.1
5	5	100.000	511	511	511	1	511	1	511	1068
5	28	71.654	508	511	512	4	511	5	512	805
5	4	51.068	515	511	517	1	506	1	513	545
5	8	41.393	488	511	530	18	499	23	508	414
5	7	32.359	513	511	509	1	509	1	508	293
5	20	33.540	483	511	508	20	500	21	499	281
5	29	32.150	507	511	512	20	506	18	504	265
5	30	31.635	471	511	514	20	474	18	479	237
5	15	25.490	510	511	548	4	492	17	517	165
5	10	25.869	518	511	508	5	500	3	494	159
5	23	24.494	494	511	527	20	497	23	505	154
5	6	26.078	510	511	561	4	484	13	511	149
5	9	25.847	472	511	531	23	475	25	484	147
5	17	25.662	491	511	519	28	497	29	503	144
5	18	27.463	335	511	618	19	340	44	375	139
5	21	23.913	414	511	513	19	425	23	426	118
5	14	22.796	465	511	513	22	480	35	479	115
5	11	23.168	505	511	512	23	507	34	512	113
5	25	23.990	396	511	526	21	400	27	402	95.5
5	2	23.907	343	511	620	4	332	3	339	85.1
5	16	24.249	433	511	522	93	500	96	490	76.3
5	13	22.157	343	511	508	57	390	65	401	76.3
5	3	22.201	527	511	524	4	508	2	498	70.9
5	19	22.368	456	511	533	67	508	72	498	70.1
5	12	23.913	414	511	522	93	482	96	472	67.0
5	1	23.140	363	511	524	2	349	4	351	65.5
5	22	25.170	294	511	524	67	349	72	351	57.4
6	6	100.000	561	561	561	1	561	1	561	1167
6	8	28.539	445	561	530	38	464	25	447	162
6	20	27.517	447	561	508	75	512	57	477	156
6	9	29.345	443	561	531	88	514	68	494	154
6	25	27.500	400	561	526	49	441	36	418	150
6	5	26.078	510	561	511	13	511	4	484	149
6	28	26.104	498	561	512	38	514	21	489	147
6	7	24.477	478	561	509	75	543	57	500	145
6	23	22.200	491	561	527	28	512	13	492	135
6	17	24.943	437	561	519	83	509	63	492	134
6	14	27.438	441	561	513	32	463	27	436	131
6	18	24.030	541	561	618	34	525	41	569	132
6	21	24.561	456	561	513	15	464	7	436	130
6	15	23.841	453	561	548	37	477	38	471	130
6	29	23.946	522	561	512	44	542	23	503	113
6	4	23.387	496	561	517	37	512	19	488	112
6	11	25.065	387	561	512	90	463	80	438	111
6	30	24.370	476	561	514	44	504	23	476	110
6	2	26.250	320	561	620	56	359	35	339	105
6	10	22.524	515	561	508	16	517	1	481	101
6	16	22.880	507	561	522	36	512	22	472	72.4
6	12	22.876	459	561	522	89	512	74	475	65.5
6	13	19.837	368	561	508	77	440	65	422	61.6
6	3	21.344	506	561	524	44	512	28	475	58.5
6	1	22.280	386	561	524	8	378	6	353	57.8
6	22	22.973	370	561	524	86	442	71	407	54.3
6	19	22.271	458	561	533	86	515	71	475	52.4
7	7	100.000	509	509	509	1	509	1	509	1057
7	20	70.138	509	509	508	1	509	1	508	777
7	5	32.554	513	509	511	1	508	1	509	300
7	28	32.317	492	509	512	9	490	3	491	289
7	4	32.485	511	509	517	3	502	1	509	284
7	8	33.526	519	509	530	1	506	7	519	278
7	10	27.613	507	509	508	4	500	1	491	199
7	29	27.146	501	509	512	12	499	9	495	194
7	17	28.041	485	509	519	42	504	41	511	190
7	9	26.882	465	509	531	42	487	41	497	175
7	30	26.172	512	509	514	9	503	6	504	171
7	15	27.586	406	509	548	67	459	84	481	154
7	6	24.477	478	509	561	57	500	75	543	147
7	23	25.299	502	509	527	15	500	15	503	140
7	14	26.141	482	509	513	16	477	28	479	139
7	11	24.949	493	509	512	20	497	30	505	136
7	21	24.313	473	509	513	23	484	26	483	110
7	18	24.800	375	509	618	13	371	41	408	104
7	25	22.997	387	509	526	35	408	39	409	92.4
7	13	22.005	409	509	508	24	420	30	426	90.1
7	16	22.180	532	509	522	1	501	1	491	80.5
7	2	23.875	289	509	620	61	329	62	334	76.3
7	1	21.186	472	509	524	50	505	56	493	73.9
7	12	22.199	473	509	522	44	486	39	476	69.7
7	22	20.742	458	509	524	1	438	3	429	69.3
7	19	20.039	514	509	533	4	485	3	479	61.6
7	3	19.688	513	509	524	5	485	6	479	52.8
8	8	100.000	530	530	530	1	530	1	530	1099
8	28	42.593	486	530	512	9	492	5	484	432
8	5	41.393	488	530	511	23	508	18	499	421
8	4	40.154	518	530	517	7	513	2	514	410
8	7	33.333	519	530	509	7	519	1	506	281
8	20	33.397	521	530	508	5	521	1	507	271
8	29	31.884	483	530	512	12	486	5	482	261
8	30	31.799	478	530	514	16	482	9	477	256
8	6	27.778	540	530	561	25	528	38	559	170
8	15	26.840	462	530	548	24	468	38	481	165
8	9	25.856	526	530	531	25	522	21	527	164
8	10	25.635	433	530	508	77	497	68	482	151
8	17	26.923	494	530	519	34	511	30	511	148
8	23	25.349	501	530	527	25	513	23	501	144
8	18	25.439	342	530	618	18	347	38	374	131
8	14	25.745	470	530	513	27	485	35	479	124
8	11	24.544	493	530	512	18	492	25	487	119
8	21	22.945	523	530	513	24	508	23	507	117
8	2	25.092	271	530	620	76	340	74	339	99.0
8	25	21.856	334	530	526	77	404	79	397	82.8
8	16	23.077	468	530	522	71	514	71	494	75.5
8	13	21.212	330	530	508	75	399	78	401	74.3
8	12	24.128	344	530	522	35	360	33	356	71.2
8	22	24.064	374	530	524	7	358	3	354	70.1
8	3	24.236	491	530	524	35	493	33	479	67.0
8	19	25.532	235	530	533	132	358	136	354	65.9
8	1	26.549	226	530	524	141	358	146	354	62.8
9	9	100.000	531	531	531	1	531	1	531	1103
9	17	54.491	501	531	519	1	501	1	501	585
9	10	29.307	505	531	508	5	499	1	482	251
9	7	26.916	509	531	509	1	497	1	487	172
9	20	25.636	472	531	508	23	484	22	477	171
9	4	27.083	528	531	517	4	508	1	504	171
9	8	27.071	495	531	530	3	477	6	477	160
9	28	25.391	512	531	512	1	498	1	493	158
9	14	28.151	476	531	513	23	483	34	479	155
9	6	29.478	441	531	561	70	494	90	514	154
9	5	25.847	472	531	511	25	484	23	475	149
9	11	28.324	519	531	512	5	495	6	489	141
9	18	28.614	339	531	618	29	349	53	375	139
9	23	24.280	486	531	527	31	496	33	494	135
9	21	24.366	513	531	513	24	517	26	512	134
9	15	24.885	434	531	548	29	446	47	460	119
9	30	22.717	449	531	514	30	466	27	459	112
9	29	22.736	497	531	512	30	501	27	495	95.9
9	25	25.116	430	531	526	3	406	2	398	95.5
9	16	23.810	525	531	522	4	493	6	482	84.7
9	2	23.676	321	531	620	7	310	3	313	80.9
9	12	24.060	532	531	522	5	487	3	476	78.6
9	3	25.429	350	531	524	24	354	26	348	75.1
9	22	24.011	379	531	524	4	354	2	348	74.3
9	19	23.662	355	531	533	21	358	23	351	73.2
9	1	24.595	370	531	524	4	354	6	348	72.8
9	13	22.063	349	531	508	28	370	34	368	72.4
