1	1	100.000	124	124	124	1	124	1	124	257
1	4	93.617	94	124	93	1	94	1	93	178
1	3	77.876	113	124	116	3	114	4	116	176
1	15	74.528	106	124	108	2	107	3	108	169
1	9	70.435	115	124	121	2	114	7	121	166
1	13	77.215	79	124	83	4	82	5	83	127
1	14	46.226	106	124	109	5	106	4	109	90.5
1	6	33.028	109	124	106	6	107	9	106	35.8
10	10	100.000	104	104	104	1	104	1	104	218
10	8	63.736	91	104	94	13	103	1	91	131
10	2	50.000	74	104	90	1	73	1	71	74.7
10	6	54.237	59	104	106	1	59	1	58	65.5
10	5	53.846	39	104	109	22	60	10	47	40.0
11	11	100.000	139	139	139	1	139	1	139	283
11	7	31.884	69	139	135	4	72	11	77	43.1
11	12	28.182	110	139	137	4	108	12	113	40.8
11	14	63.636	22	139	109	49	70	5	26	32.3
12	12	100.000	137	137	137	1	137	1	137	280
12	7	58.088	136	137	135	3	137	2	135	166
12	11	28.182	110	137	139	12	113	4	108	40.8
12	6	27.027	74	137	106	54	124	7	72	32.0
13	13	100.000	83	83	83	1	83	1	83	168
13	3	87.952	83	83	116	1	83	1	83	152
13	15	79.518	83	83	108	1	83	1	83	140
13	1	77.215	79	83	124	5	83	4	82	127
13	4	73.418	79	83	93	5	83	4	82	121
13	9	71.831	71	83	121	5	75	9	79	113
13	14	42.308	78	83	109	6	79	4	81	57.8
14	14	100.000	109	109	109	1	109	1	109	225
14	9	50.000	106	109	121	4	108	10	111	99.8
14	15	48.113	106	109	108	4	109	6	107	94.7
14	1	46.226	106	109	124	4	109	5	106	90.5
14	3	46.226	106	109	116	4	109	6	107	88.2
14	4	46.988	83	109	93	4	86	5	83	65.9
14	13	42.308	78	109	83	4	81	6	79	57.8
14	6	30.357	112	109	106	5	109	9	105	34.7
14	11	63.636	22	109	139	5	26	49	70	32.3
15	15	100.000	108	108	108	1	108	1	108	227
15	3	83.333	108	108	116	1	108	1	108	195
15	1	74.528	106	108	124	3	108	2	107	169
15	9	65.138	109	108	121	1	108	5	113	150
15	13	79.518	83	108	83	1	83	1	83	140
15	4	73.118	93	108	93	3	95	2	93	136
15	14	48.113	106	108	109	6	107	4	109	94.7
15	6	36.111	108	108	106	7	108	9	106	41.6
15	7	40.476	42	108	135	3	44	50	91	32.3
2	2	100.000	90	90	90	1	90	1	90	190
2	6	51.220	82	90	106	1	82	1	82	84.3
2	10	50.000	74	90	104	1	71	1	73	74.7
2	5	49.333	75	90	109	14	88	2	76	65.5
2	8	43.548	62	90	94	13	71	1	61	51.6
3	3	100.000	116	116	116	1	116	1	116	241
3	15	83.333	108	116	108	1	108	1	108	195
3	1	77.876	113	116	124	4	116	3	114	176
3	9	71.930	114	116	121	4	116	8	121	169
3	13	87.952	83	116	83	1	83	1	83	152
3	4	72.826	92	116	93	4	95	3	93	131
3	14	46.226	106	116	109	6	107	4	109	88.2
3	6	30.275	109	116	106	7	108	9	106	37.0
4	4	100.000	93	93	93	1	93	1	93	192
4	1	93.617	94	93	124	1	93	1	94	178
4	15	73.118	93	93	108	2	93	3	95	136
4	3	72.826	92	93	116	3	93	4	95	131
4	9	68.085	94	93	121	2	93	7	100	130
4	13	73.418	79	93	83	4	82	5	83	121
4	14	46.988	83	93	109	5	83	4	86	65.9
5	5	100.000	109	109	109	1	109	1	109	224
5	2	49.333	75	109	90	2	76	14	88	75.9
5	6	38.532	109	109	106	2	109	14	106	67.8
5	8	44.615	65	109	94	1	62	1	64	48.5
5	10	34.940	83	109	104	2	83	14	89	48.5
6	6	100.000	106	106	106	1	106	1	106	219
6	2	51.220	82	106	90	1	82	1	82	84.3
6	10	54.237	59	106	104	1	58	1	59	65.5
6	5	38.532	109	106	109	14	106	2	109	58.9
6	15	36.111	108	106	108	9	106	7	108	41.6
6	8	44.681	47	106	94	13	58	1	47	40.4
6	9	30.252	119	106	121	1	106	1	113	37.7
6	3	30.275	109	106	116	9	106	7	108	37.0
6	7	38.028	71	106	135	7	72	52	122	35.8
6	1	33.028	109	106	124	9	106	6	107	35.8
6	14	30.357	112	106	109	9	105	5	109	34.7
6	12	27.027	74	106	137	7	72	54	124	32.0
7	7	100.000	135	135	135	1	135	1	135	275
7	12	58.088	136	135	137	2	135	3	137	166
7	11	31.884	69	135	139	11	77	4	72	43.1
7	6	38.028	71	135	106	52	122	7	72	35.8
7	15	40.476	42	135	108	50	91	3	44	32.3
8	8	100.000	94	94	94	1	94	1	94	192
8	10	63.736	91	94	104	1	91	13	103	131
8	2	43.548	62	94	90	1	61	13	71	51.6
8	5	44.615	65	94	109	1	64	1	62	42.0
8	6	44.681	47	94	106	1	47	13	58	40.4
9	9	100.000	121	121	121	1	121	1	121	252
9	3	71.930	114	121	116	8	121	4	116	169
9	1	70.435	115	121	124	7	121	2	114	166
9	15	65.138	109	121	108	5	113	1	108	150
9	4	68.085	94	121	93	7	100	2	93	130
9	13	71.831	71	121	83	9	79	5	75	113
9	14	50.000	106	121	109	10	111	4	108	99.8
9	6	30.252	119	121	106	1	113	1	106	37.7
