1	1	100.000	297	297	297	1	297	1	297	616
1	26	96.296	297	297	297	1	297	1	297	593
1	12	74.411	297	297	297	1	297	1	297	466
1	8	71.088	294	297	297	1	294	1	294	431
1	4	63.729	295	297	298	1	294	1	295	382
1	2	93.367	196	297	196	38	233	1	196	377
1	21	50.000	298	297	305	1	296	1	297	291
1	11	50.000	300	297	303	1	296	1	297	285
1	24	64.000	200	297	221	79	277	22	221	265
10	10	100.000	278	278	278	1	278	1	278	560
10	27	78.417	278	278	278	1	278	1	278	448
11	11	100.000	303	303	303	1	303	1	303	623
11	21	60.726	303	303	305	1	303	1	303	360
11	26	49.498	299	303	297	1	297	1	296	286
11	1	50.000	300	303	297	1	297	1	296	285
11	12	50.671	298	303	297	1	297	1	296	279
11	8	49.498	299	303	297	1	297	1	296	278
11	4	46.580	307	303	298	1	297	1	297	273
11	24	47.489	219	303	221	68	278	11	221	180
11	2	42.211	199	303	196	38	234	1	196	154
12	12	100.000	297	297	297	1	297	1	297	615
12	26	74.747	297	297	297	1	297	1	297	471
12	1	74.411	297	297	297	1	297	1	297	466
12	8	72.297	296	297	297	1	296	1	296	436
12	4	62.626	297	297	298	1	296	1	297	391
12	21	48.829	299	297	305	1	296	1	297	290
12	2	67.347	196	297	196	38	233	1	196	280
12	11	50.671	298	297	303	1	296	1	297	279
12	24	64.000	200	297	221	79	277	22	221	271
13	13	100.000	270	270	270	1	270	1	270	547
14	14	100.000	282	282	282	1	282	1	282	567
14	6	30.392	102	282	275	180	276	171	272	49.3
14	17	30.172	116	282	319	168	275	211	312	39.7
15	15	100.000	313	313	313	1	313	1	313	647
16	16	100.000	303	303	303	1	303	1	303	617
17	17	100.000	319	319	319	1	319	1	319	648
17	6	27.726	321	319	275	1	312	1	271	96.7
18	18	100.000	255	255	255	1	255	1	255	520
18	28	26.984	189	255	239	69	254	62	238	91.7
19	19	100.000	231	231	231	1	231	1	231	466
2	2	100.000	196	196	196	1	196	1	196	403
2	1	93.367	196	196	297	1	196	38	233	377
2	26	89.286	196	196	297	1	196	38	233	362
2	12	67.347	196	196	297	1	196	38	233	280
2	8	65.306	196	196	297	1	196	38	233	261
2	4	57.360	197	196	298	1	196	38	234	223
2	24	61.538	156	196	221	42	196	22	177	197
2	21	45.960	198	196	305	1	196	38	234	162
2	11	42.211	199	196	303	1	196	38	234	154
20	20	100.000	282	282	282	1	282	1	282	574
21	21	100.000	305	305	305	1	305	1	305	624
21	11	60.726	303	305	303	1	303	1	303	373
21	1	51.000	300	305	297	1	297	1	296	299
21	26	50.667	300	305	297	1	297	1	296	298
21	4	49.007	302	305	298	1	297	1	297	298
21	8	51.342	298	305	297	1	297	1	296	295
21	12	48.829	299	305	297	1	297	1	296	293
21	24	47.511	221	305	221	63	278	7	221	194
21	2	47.000	200	305	196	38	234	1	196	166
22	22	100.000	296	296	296	1	296	1	296	606
23	23	100.000	280	280	280	1	280	1	280	578
24	24	100.000	221	221	221	1	221	1	221	460
24	4	98.190	221	221	298	1	221	58	278	452
24	8	63.348	221	221	297	1	221	58	277	296
24	12	64.000	200	221	297	22	221	79	277	271
24	26	64.000	200	221	297	22	221	79	277	269
24	1	64.000	200	221	297	22	221	79	277	265
24	2	61.538	156	221	196	22	177	42	196	197
24	21	49.010	202	221	305	25	221	82	278	189
24	11	47.489	219	221	303	11	221	68	278	180
25	25	100.000	193	193	193	1	193	1	193	399
25	7	95.855	193	193	265	1	193	63	255	384
25	3	34.483	174	193	274	35	193	93	264	102
26	26	100.000	297	297	297	1	297	1	297	616
26	1	96.296	297	297	297	1	297	1	297	593
26	12	74.747	297	297	297	1	297	1	297	471
26	8	70.408	294	297	297	1	294	1	294	426
26	4	63.729	295	297	298	1	294	1	295	385
26	2	89.286	196	297	196	38	233	1	196	362
26	21	50.000	298	297	305	1	296	1	297	295
26	11	49.498	299	297	303	1	296	1	297	286
26	24	64.000	200	297	221	79	277	22	221	269
27	27	100.000	278	278	278	1	278	1	278	566
27	10	78.417	278	278	278	1	278	1	278	423
28	28	100.000	239	239	239	1	239	1	239	479
28	18	26.984	189	239	255	62	238	69	254	90.9
3	3	100.000	274	274	274	1	274	1	274	565
3	7	33.929	280	274	265	1	274	1	265	150
3	25	34.483	174	274	193	93	264	35	193	102
4	4	100.000	298	298	298	1	298	1	298	616
4	24	98.190	221	298	221	58	278	1	221	452
4	8	68.121	298	298	297	1	298	1	297	429
4	12	62.626	297	298	297	1	297	1	296	391
4	26	63.729	295	298	297	1	295	1	294	385
4	1	63.729	295	298	297	1	295	1	294	382
4	21	49.007	302	298	305	1	297	1	297	290
4	11	46.580	307	298	303	1	297	1	297	273
4	2	57.360	197	298	196	38	234	1	196	223
5	5	100.000	309	309	309	1	309	1	309	630
5	7	32.857	70	309	265	241	309	197	265	43.5
6	6	100.000	275	275	275	1	275	1	275	566
6	17	27.245	323	275	319	1	271	1	312	95.1
6	14	29.703	101	275	282	172	272	181	276	48.1
7	7	100.000	265	265	265	1	265	1	265	546
7	25	95.855	193	265	193	63	255	1	193	384
7	3	33.929	280	265	274	1	265	1	274	150
7	9	23.469	294	265	293	5	265	4	288	45.1
7	5	32.857	70	265	309	197	265	241	309	43.1
8	8	100.000	297	297	297	1	297	1	297	610
8	12	72.297	296	297	297	1	296	1	296	436
8	1	71.088	294	297	297	1	294	1	294	431
8	4	68.121	298	297	298	1	297	1	298	429
8	26	70.408	294	297	297	1	294	1	294	426
8	24	63.348	221	297	221	58	277	1	221	296
8	21	51.342	298	297	305	1	296	1	297	289
8	11	49.498	299	297	303	1	296	1	297	278
8	2	65.306	196	297	196	38	233	1	196	261
9	9	100.000	293	293	293	1	293	1	293	598
9	7	25.676	296	293	265	4	288	5	265	57.8
9	25	27.111	225	293	193	61	278	1	193	41.6
