1	1	100.000	54	54	54	1	54	1	54	109
1	2	87.037	54	54	54	1	54	1	54	101
1	3	77.778	54	54	54	1	54	1	54	91.7
1	6	79.630	54	54	54	1	54	1	54	74.7
1	5	75.926	54	54	54	1	54	1	54	73.6
1	4	66.667	54	54	54	1	54	1	54	59.3
2	2	100.000	54	54	54	1	54	1	54	108
2	1	87.037	54	54	54	1	54	1	54	101
2	3	79.630	54	54	54	1	54	1	54	91.7
2	6	77.778	54	54	54	1	54	1	54	75.5
2	5	75.926	54	54	54	1	54	1	54	74.3
2	4	66.667	54	54	54	1	54	1	54	56.2
3	3	100.000	54	54	54	1	54	1	54	108
3	2	79.630	54	54	54	1	54	1	54	91.7
3	1	77.778	54	54	54	1	54	1	54	91.7
3	5	74.074	54	54	54	1	54	1	54	72.0
3	6	74.074	54	54	54	1	54	1	54	64.7
3	4	64.815	54	54	54	1	54	1	54	58.9
4	4	100.000	54	54	54	1	54	1	54	110
4	1	66.667	54	54	54	1	54	1	54	79.3
4	3	64.815	54	54	54	1	54	1	54	78.2
4	2	66.667	54	54	54	1	54	1	54	75.9
4	5	64.815	54	54	54	1	54	1	54	60.1
4	6	64.815	54	54	54	1	54	1	54	53.5
5	5	100.000	54	54	54	1	54	1	54	110
5	2	75.926	54	54	54	1	54	1	54	92.4
5	1	75.926	54	54	54	1	54	1	54	91.7
5	3	74.074	54	54	54	1	54	1	54	89.0
5	6	88.889	54	54	54	1	54	1	54	79.0
5	4	64.815	54	54	54	1	54	1	54	57.0
6	6	100.000	54	54	54	1	54	1	54	110
6	2	77.778	54	54	54	1	54	1	54	97.1
6	1	79.630	54	54	54	1	54	1	54	96.3
6	3	74.074	54	54	54	1	54	1	54	85.5
6	5	88.889	54	54	54	1	54	1	54	81.6
6	4	64.815	54	54	54	1	54	1	54	53.1
