1	1	100.000	218	218	218	1	218	1	218	444
1	12	50.000	188	218	216	31	218	29	216	216
1	10	50.532	188	218	216	31	218	29	216	214
1	16	46.316	190	218	218	29	218	29	218	211
1	14	24.757	206	218	205	30	218	27	205	38.5
10	10	100.000	216	216	216	1	216	1	216	446
10	12	82.870	216	216	216	1	216	1	216	348
10	16	67.188	192	216	218	25	216	27	218	281
10	1	50.802	187	216	218	30	216	32	218	213
11	11	100.000	226	226	226	1	226	1	226	468
11	3	55.000	220	226	238	7	225	26	238	231
11	19	51.965	229	226	222	1	224	1	220	225
11	18	56.109	221	226	222	3	221	11	217	223
11	6	51.786	224	226	231	3	223	10	229	217
11	13	61.250	160	226	204	69	226	45	204	215
11	21	24.324	185	226	217	46	222	34	214	51.6
11	20	25.373	134	226	217	93	222	84	214	45.8
12	12	100.000	216	216	216	1	216	1	216	443
12	10	82.870	216	216	216	1	216	1	216	348
12	16	73.438	192	216	218	25	216	27	218	308
12	1	50.000	188	216	218	29	216	31	218	216
13	13	100.000	204	204	204	1	204	1	204	421
13	11	59.091	198	204	226	7	204	32	226	244
13	3	60.494	162	204	238	38	199	76	234	207
13	19	54.000	200	204	222	8	203	31	221	197
13	18	54.730	148	204	222	53	200	73	218	181
13	6	51.656	151	204	231	53	203	83	231	177
13	20	28.351	194	204	217	17	199	25	213	48.5
13	21	30.159	126	204	217	81	199	93	213	47.8
14	14	100.000	205	205	205	1	205	1	205	405
14	1	23.864	176	205	218	49	205	60	218	38.1
15	15	100.000	189	189	189	1	189	1	189	384
15	17	71.053	190	189	190	1	188	1	190	253
16	16	100.000	218	218	218	1	218	1	218	453
16	12	71.560	218	218	216	1	218	1	216	309
16	10	66.514	218	218	216	1	218	1	216	284
16	1	46.316	190	218	218	29	218	29	218	210
17	17	100.000	190	190	190	1	190	1	190	386
17	15	70.526	190	190	189	1	190	1	188	206
18	18	100.000	222	222	222	1	222	1	222	447
18	3	63.470	219	222	238	4	217	17	234	263
18	19	63.596	228	222	222	1	222	1	222	261
18	6	59.307	231	222	231	1	221	1	231	254
18	11	59.729	221	222	226	11	217	3	221	252
18	13	54.730	148	222	204	73	218	53	200	182
18	21	29.189	185	222	217	41	217	32	213	62.8
18	20	28.649	185	222	217	41	217	32	213	59.3
19	19	100.000	222	222	222	1	222	1	222	460
19	3	68.075	213	222	238	8	218	24	235	265
19	18	62.281	228	222	222	1	222	1	222	246
19	11	54.386	228	222	226	1	220	1	224	241
19	6	53.814	236	222	231	1	219	1	229	225
19	13	54.082	196	222	204	31	221	8	203	194
19	21	24.490	196	222	217	37	218	34	214	54.3
19	20	23.077	195	222	217	37	218	34	214	47.8
2	2	100.000	224	224	224	1	224	1	224	463
2	7	55.111	225	224	219	1	224	1	219	245
2	8	52.752	218	224	223	1	214	1	213	227
2	22	50.000	228	224	227	1	224	1	227	226
2	9	32.850	207	224	219	14	215	4	207	80.1
2	4	24.375	160	224	218	62	220	47	205	51.2
20	20	100.000	217	217	217	1	217	1	217	449
20	21	77.419	217	217	217	1	217	1	217	368
20	18	28.125	160	217	222	57	213	66	217	48.9
20	13	30.894	123	217	204	93	213	81	199	47.0
20	19	24.590	122	217	222	93	214	101	218	46.6
20	11	25.373	134	217	226	84	214	93	222	45.8
20	6	26.897	145	217	231	82	214	97	228	41.2
20	3	25.000	116	217	238	102	217	127	238	40.8
20	4	25.000	168	217	218	30	182	10	171	37.0
21	21	100.000	217	217	217	1	217	1	217	451
21	20	77.419	217	217	217	1	217	1	217	368
21	19	26.230	122	217	222	93	214	101	218	52.0
21	18	28.148	135	217	222	82	213	87	217	51.6
21	11	24.324	185	217	226	34	214	46	222	51.6
21	13	30.159	126	217	204	93	213	81	199	47.8
21	8	31.481	108	217	223	105	211	107	212	45.8
21	4	30.814	172	217	218	30	182	10	171	45.4
21	6	27.559	127	217	231	93	214	111	228	44.7
21	3	24.823	141	217	238	85	217	107	238	43.5
21	22	23.134	134	217	227	87	217	96	222	42.0
21	7	24.771	109	217	219	110	217	108	214	38.9
22	22	100.000	227	227	227	1	227	1	227	473
22	7	50.000	228	227	219	1	227	1	219	221
22	2	50.000	228	227	224	1	227	1	224	210
22	8	47.945	219	227	223	1	217	1	213	205
22	9	30.734	218	227	219	5	218	3	207	82.0
22	4	26.570	207	227	218	22	223	5	205	70.9
22	21	23.134	134	227	217	96	222	87	217	42.0
3	3	100.000	238	238	238	1	238	1	238	489
3	19	68.075	213	238	222	24	235	8	218	279
3	18	63.927	219	238	222	17	234	4	217	248
3	11	56.757	222	238	226	26	238	7	225	247
3	6	57.466	221	238	231	20	235	8	228	222
3	13	59.429	175	238	204	66	234	25	199	197
3	20	24.870	193	238	217	54	238	28	217	47.4
3	21	24.623	199	238	217	53	238	27	217	47.4
4	4	100.000	218	218	218	1	218	1	218	453
4	9	32.512	203	218	219	2	203	13	210	112
4	8	29.293	198	218	223	5	199	22	213	72.8
4	22	26.570	207	218	227	5	205	22	223	70.9
4	7	23.889	180	218	219	32	210	43	218	50.8
4	2	24.375	160	218	224	47	205	62	220	50.8
4	21	30.814	172	218	217	10	171	30	182	45.4
4	20	25.000	168	218	217	10	171	30	182	37.0
5	5	100.000	221	221	221	1	221	1	221	461
6	6	100.000	231	231	231	1	231	1	231	465
6	18	63.948	233	231	222	1	231	1	221	253
6	11	54.626	227	231	226	10	229	3	223	244
6	19	60.435	230	231	222	1	229	1	219	237
6	3	54.299	221	231	238	8	228	20	235	228
6	13	51.656	151	231	204	83	231	53	203	178
6	21	27.559	127	231	217	111	228	93	214	45.4
6	20	26.897	145	231	217	97	228	82	214	41.6
7	7	100.000	219	219	219	1	219	1	219	448
7	2	56.444	225	219	224	1	219	1	224	252
7	22	50.000	228	219	227	1	219	1	227	231
7	8	45.070	213	219	223	1	209	1	213	209
7	9	30.769	208	219	219	14	213	4	210	73.6
7	4	23.560	191	219	218	32	218	21	210	51.6
7	21	24.771	109	219	217	108	214	110	217	39.3
8	8	100.000	223	223	223	1	223	1	223	462
8	2	50.893	224	223	224	1	223	1	224	230
8	22	48.908	229	223	227	1	223	1	227	222
8	7	45.740	223	223	219	1	223	1	219	210
8	4	29.412	204	223	218	22	219	5	205	77.4
8	9	30.769	156	223	219	60	214	52	207	74.3
8	21	31.579	114	223	217	107	218	105	217	52.0
9	9	100.000	219	219	219	1	219	1	219	448
9	4	32.701	211	219	218	13	210	2	203	127
9	22	30.734	218	219	227	3	207	5	218	97.8
9	2	34.591	159	219	224	49	207	58	215	89.7
9	8	30.323	155	219	223	52	206	60	213	83.6
9	7	33.750	160	219	219	52	210	56	213	80.9
9	21	24.752	202	219	217	19	210	28	216	38.9
